Timestamp,User Count,Type,Name,Requests/s,Failures/s,50%,66%,75%,80%,90%,95%,98%,99%,99.9%,99.99%,100%,Total Request Count,Total Failure Count,Total Median Response Time,Total Average Response Time,Total Min Response Time,Total Max Response Time,Total Average Content Size
1724238642,0,,Aggregated,0.000000,0.000000,N/A,N/A,N/A,N/A,N/A,N/A,N/A,N/A,N/A,N/A,N/A,0,0,0,0.0,0,0,0
1724238643,5,,Aggregated,0.000000,0.000000,580,580,580,580,580,580,580,580,580,580,580,10,0,24,298.3687562867999,9.113108739256859,582.7944632619619,1313.0
1724238644,10,,Aggregated,0.000000,0.000000,580,580,680,680,1300,1300,1300,1300,1300,1300,1300,30,0,200.0,460.99268877878785,9.113108739256859,1296.7555923387408,1432.3333333333333
1724238645,15,,Aggregated,5.000000,0.000000,580,640,980,990,1000,1300,1300,1300,1300,1300,1300,60,0,200.0,468.7971840923031,9.113108739256859,1296.7555923387408,1132.75
1724238646,20,,Aggregated,10.000000,0.000000,73,330,470,500,680,1000,1300,1300,1300,1300,1300,180,0,73,263.10855702807504,2.183294855058193,1296.7555923387408,5477.283333333334
1724238647,25,,Aggregated,15.000000,0.000000,49,160,200,340,580,980,1000,1300,1300,1300,1300,300,0,48,184.3957967311144,1.6045374795794487,1296.7555923387408,5817.326666666667
1724238648,30,,Aggregated,38.500000,0.000000,43,130,170,210,500,680,1000,1300,1300,1300,1300,360,0,43,161.23297666458205,1.6045374795794487,1296.7555923387408,5886.680555555556
1724238649,35,,Aggregated,58.000000,0.000000,40,120,160,180,480,640,1000,1300,1300,1300,1300,420,0,39,145.4038399138621,1.6045374795794487,1296.7555923387408,5953.073809523809
1724238650,40,,Aggregated,58.500000,0.000000,35,110,150,170,370,620,1000,1300,1300,1300,1300,480,0,35,132.65331692333953,1.6045374795794487,1296.7555923387408,6019.364583333333
1724238651,45,,Aggregated,57.857143,0.000000,34,110,150,170,360,580,990,1000,1300,1300,1300,540,0,34,125.21011067588849,1.6045374795794487,1296.7555923387408,6086.62962962963
1724238652,50,,Aggregated,58.250000,0.000000,33,79,140,160,340,580,990,1000,1300,1300,1300,600,0,33,117.35025974921882,1.6045374795794487,1296.7555923387408,6153.178333333333
1724238653,55,,Aggregated,56.555556,0.000000,32,76,140,160,340,520,980,1000,1300,1300,1300,659,0,32,114.14025932527818,1.6045374795794487,1296.7555923387408,6228.165402124431
1724238654,60,,Aggregated,58.800000,0.000000,34,130,160,190,620,4000,7300,7500,7700,7700,7700,771,0,34,473.21931635852224,1.6045374795794487,7656.08801972121,5844.972762645914
1724238655,65,,Aggregated,60.500000,0.000000,33,130,160,180,550,2900,7200,7500,7700,7700,7700,851,0,33,437.60345725191604,1.6045374795794487,7656.08801972121,6198.052878965922
1724238656,70,,Aggregated,68.300000,0.000000,30,120,150,170,490,2000,7200,7500,7700,7700,7700,939,0,30,400.52362146695106,1.6045374795794487,7656.08801972121,7156.758253461129
1724238657,75,,Aggregated,78.000000,0.000000,26,110,150,170,400,1300,7100,7500,7600,7700,7700,1069,0,26,358.360906399898,1.6045374795794487,7656.08801972121,7651.927034611786
1724238658,80,,Aggregated,76.200000,0.000000,24,77,140,160,370,1000,7000,7500,7600,7700,7700,1187,0,24,328.8475829219758,1.6045374795794487,7656.08801972121,7371.3555181128895
1724238659,85,,Aggregated,74.600000,0.000000,24,76,140,160,380,1000,6000,7300,7600,7700,7700,1316,0,24,315.4718132723564,1.2565143406391144,7656.08801972121,7159.094224924012
1724238660,90,,Aggregated,78.800000,0.000000,23,65,140,160,360,1000,5800,7300,7600,7700,7700,1436,0,23,293.2021479416784,1.2565143406391144,7656.08801972121,6946.362813370473
1724238661,95,,Aggregated,84.700000,0.000000,23,61,140,150,330,980,5200,7300,7600,7700,7700,1532,0,23,277.9943763306389,1.2565143406391144,7656.08801972121,6972.592036553525
1724238662,100,,Aggregated,93.400000,0.000000,23,63,140,150,320,940,5100,7300,7600,7700,7700,1637,0,23,265.54460138271384,1.2565143406391144,7656.08801972121,6939.345143555284
1724238663,105,,Aggregated,96.600000,0.000000,24,64,130,150,300,790,4700,7200,7600,7700,7700,1742,0,24,254.97272917166796,1.2565143406391144,7656.08801972121,6875.41159586682
1724238664,110,,Aggregated,99.300000,0.000000,23,63,130,150,300,680,4700,7200,7600,7700,7700,1835,0,23,252.55050913149068,1.2565143406391144,7656.08801972121,6844.05340599455
1724238665,115,,Aggregated,107.800000,0.000000,24,64,140,160,310,790,5100,7200,7600,7700,7700,1922,0,24,266.72841118102065,1.2565143406391144,7656.08801972121,6884.250780437044
1724238666,120,,Aggregated,108.800000,0.000000,24,70,140,160,350,1000,5800,7200,7600,7700,7700,2048,0,24,307.25231980295575,1.2565143406391144,7656.08801972121,6978.23974609375
1724238667,125,,Aggregated,104.800000,0.000000,24,71,140,160,370,1000,5800,7200,7600,8100,8100,2180,0,24,314.93101425451835,1.2565143406391144,8062.24565114826,7036.923394495413
1724238668,130,,Aggregated,103.900000,0.000000,25,75,140,170,440,1200,6200,7400,8700,8800,8800,2343,0,25,360.91407133100176,1.2565143406391144,8827.261719852686,7095.045241143833
1724238669,135,,Aggregated,105.300000,0.000000,26,78,140,180,500,1200,6100,7400,8800,9300,9300,2556,0,26,364.221808586943,1.2565143406391144,9349.927632138133,7444.427621283255
1724238670,140,,Aggregated,110.200000,0.000000,27,78,140,180,550,1200,6200,7500,9800,11000,11000,2731,0,27,376.2213170462936,1.2565143406391144,10522.113575600088,7574.706700842183
1724238671,145,,Aggregated,119.000000,0.000000,28,78,150,190,650,1300,6200,7500,9800,11000,11000,2939,0,28,382.25595412700454,1.2565143406391144,10522.113575600088,7891.115005103777
1724238672,150,,Aggregated,122.900000,0.000000,27,78,150,200,680,1500,6200,7500,9800,12000,12000,3098,0,27,389.41923837346405,1.2565143406391144,12498.694741167128,7933.461910910265
1724238673,155,,Aggregated,134.900000,0.000000,29,79,150,200,770,1800,6100,7500,10000,12000,12000,3315,0,29,402.9925436278746,1.2565143406391144,12498.694741167128,8264.82624434389
1724238674,160,,Aggregated,140.400000,0.000000,29,78,150,210,840,1800,5900,7500,10000,12000,12000,3501,0,29,404.55655584931674,1.2565143406391144,12498.694741167128,8430.223936018281
1724238675,165,,Aggregated,148.300000,0.000000,31,78,150,220,930,1900,5800,7500,11000,15000,15000,3793,0,31,408.1649236563243,1.2565143406391144,15465.701315551996,8835.208542051147
1724238676,170,,Aggregated,158.000000,0.000000,33,79,150,220,950,1800,5800,7500,11000,15000,15000,4026,0,33,408.379036823072,1.2565143406391144,15465.701315551996,8821.340039741679
1724238677,175,,Aggregated,170.800000,0.000000,35,84,160,250,990,1800,5500,7400,11000,15000,15000,4255,0,35,410.4799507862147,1.2565143406391144,15465.701315551996,8986.450058754406
1724238678,180,,Aggregated,192.200000,0.000000,38,93,160,270,970,1800,5300,7300,11000,15000,15000,4541,0,38,403.2402870814818,1.2565143406391144,15465.701315551996,9379.501651618586
1724238679,185,,Aggregated,202.100000,0.000000,43,99,160,280,940,1700,5200,7300,11000,15000,15000,4856,0,43,391.8008035753855,1.2565143406391144,15465.701315551996,9621.246499176277
1724238680,190,,Aggregated,208.700000,0.000000,43,98,160,300,940,1600,5100,7200,11000,15000,15000,5095,0,43,389.5747584986324,1.2565143406391144,15465.701315551996,9766.678312070657
1724238681,195,,Aggregated,215.600000,0.000000,44,100,170,300,920,1600,4900,7200,11000,15000,15000,5361,0,44,381.14356201901586,1.2565143406391144,15465.701315551996,9912.418765155755
1724238682,200,,Aggregated,226.100000,0.000000,44,99,170,290,900,1500,4700,7100,11000,15000,15000,5636,0,44,374.9983198511116,1.2565143406391144,15465.701315551996,10025.515081618169
1724238683,205,,Aggregated,227.200000,0.000000,44,100,170,290,880,1500,4400,7000,11000,15000,15000,5876,0,44,367.6176675282472,1.2565143406391144,15465.701315551996,10161.69877467665
1724238684,210,,Aggregated,242.000000,0.000000,45,100,170,290,860,1500,4200,7000,11000,15000,15000,6120,0,45,360.88887536959123,1.2565143406391144,15465.701315551996,10279.058333333332
1724238685,215,,Aggregated,249.700000,0.000000,45,99,170,280,840,1500,4200,7000,11000,15000,15000,6394,0,45,355.9522675485768,1.2565143406391144,15465.701315551996,10405.86080700657
1724238686,220,,Aggregated,252.800000,0.000000,44,97,170,270,820,1400,4200,6900,11000,15000,15000,6635,0,44,352.2227930500205,1.2565143406391144,15465.701315551996,10546.579050489827
1724238687,225,,Aggregated,255.600000,0.000000,47,97,170,270,810,1400,4200,7000,11000,15000,15000,6890,0,47,351.5031345580611,1.2565143406391144,15465.701315551996,10786.41044992743
1724238689,230,,Aggregated,252.000000,0.000000,46,95,170,270,790,1400,4000,6600,10000,15000,15000,7121,0,46,345.6068294185069,1.2565143406391144,15465.701315551996,10840.682207555119
1724238690,235,,Aggregated,256.200000,0.000000,46,96,170,270,790,1400,3900,6300,10000,15000,15000,7413,0,46,340.36556550594463,1.2565143406391144,15465.701315551996,11134.667880750034
1724238691,240,,Aggregated,252.300000,0.000000,47,97,170,280,780,1300,3700,6200,10000,15000,15000,7670,0,47,336.86328594241354,1.2565143406391144,15465.701315551996,11209.128683181225
1724238692,245,,Aggregated,251.200000,0.000000,46,97,170,270,780,1300,3800,6300,11000,15000,15000,7893,0,46,339.0656410902078,1.2565143406391144,15465.701315551996,11279.598251615356
1724238693,250,,Aggregated,254.800000,0.000000,46,96,170,270,770,1300,3800,6500,11000,15000,15000,8117,0,46,338.7523011552385,1.2565143406391144,15465.701315551996,11447.956511026241
1724238694,255,,Aggregated,247.300000,0.000000,45,95,170,270,760,1300,3900,6500,11000,15000,15000,8341,0,45,338.394953933932,1.2565143406391144,15465.701315551996,11561.37477520681
1724238695,260,,Aggregated,242.600000,0.000000,45,95,170,270,750,1300,4000,7000,12000,18000,18000,8576,0,45,343.8369845014731,1.2565143406391144,18018.133645877242,11844.08302238806
1724238696,265,,Aggregated,241.500000,0.000000,45,95,170,260,750,1300,4100,7000,13000,18000,18000,8847,0,45,347.3013944426372,1.2565143406391144,18018.133645877242,11964.392675483215
1724238697,270,,Aggregated,237.800000,0.000000,45,94,170,260,730,1300,4100,7000,13000,18000,18000,9103,0,45,347.67832867541324,1.2565143406391144,18018.133645877242,12183.274305174118
1724238698,275,,Aggregated,239.700000,0.000000,46,94,170,260,720,1300,4200,7100,13000,18000,18000,9379,0,46,347.4649063714968,1.2565143406391144,18018.133645877242,12409.563919394392
1724238699,280,,Aggregated,240.100000,0.000000,46,94,170,250,710,1300,4100,7000,13000,19000,19000,9680,0,46,344.9698434090088,1.2565143406391144,18858.677401207387,12598.272727272728
1724238700,285,,Aggregated,238.700000,0.000000,46,94,170,250,700,1200,4000,7100,13000,19000,19000,9919,0,46,345.96462292681764,1.2565143406391144,18858.677401207387,12769.09315455187
1724238701,290,,Aggregated,246.100000,0.000000,46,94,170,250,700,1200,4200,7200,13000,18000,19000,10173,0,46,347.49312725078886,1.2565143406391144,18858.677401207387,12895.17988793866
1724238702,295,,Aggregated,242.700000,0.000000,46,94,170,250,690,1200,4200,7200,13000,19000,22000,10412,0,46,349.91292290273617,1.2565143406391144,22265.054618008435,12990.522281982328
1724238703,300,,Aggregated,242.700000,0.000000,45,93,170,240,690,1200,4300,7400,15000,22000,27000,10651,0,45,359.1696038431583,1.2565143406391144,26944.451672956347,13157.570556755234
1724238704,305,,Aggregated,245.100000,0.000000,45,92,170,240,690,1300,4400,7500,18000,22000,27000,10906,0,45,369.2001516256306,1.2565143406391144,26944.451672956347,13331.295708784155
1724238705,310,,Aggregated,245.800000,0.000000,46,94,170,240,680,1300,4400,7500,16000,22000,27000,11165,0,46,370.15108135476726,1.2565143406391144,26944.451672956347,13574.795342588446
1724238706,315,,Aggregated,246.900000,0.000000,49,96,170,240,670,1200,4800,7700,18000,22000,27000,11489,0,49,376.04072845341284,1.2565143406391144,26944.451672956347,13835.100617982418
1724238707,320,,Aggregated,249.300000,0.000000,50,99,170,240,660,1200,4700,7600,18000,22000,27000,11743,0,50,376.49393406989503,1.2565143406391144,26944.451672956347,13961.08328365835
1724238708,325,,Aggregated,250.900000,0.000000,52,100,180,250,650,1200,4800,7800,18000,22000,27000,12092,0,52,378.04890080921047,1.2565143406391144,26944.451672956347,14339.934336751572
1724238709,330,,Aggregated,252.000000,0.000000,53,100,180,250,650,1200,4800,7800,18000,22000,27000,12348,0,53,379.5685584714668,1.2565143406391144,26944.451672956347,14420.430110139294
1724238710,335,,Aggregated,258.600000,0.000000,53,100,180,250,650,1200,4800,7900,18000,27000,29000,12667,0,53,380.8531835716413,1.2565143406391144,29286.362963728607,14751.328965027236
1724238711,340,,Aggregated,259.400000,0.000000,53,100,180,240,640,1200,4700,7800,18000,27000,29000,12951,0,53,378.21942595985763,1.2565143406391144,29286.362963728607,14868.792988958381
1724238712,345,,Aggregated,259.400000,0.000000,53,100,180,240,650,1200,4800,7900,19000,29000,30000,13180,0,53,384.24088427781413,1.2565143406391144,29522.21526298672,14971.517526555386
1724238713,350,,Aggregated,265.500000,0.000000,52,100,180,240,640,1200,4900,8000,20000,29000,30000,13457,0,52,387.5860673804305,1.2565143406391144,29522.21526298672,15175.043769042135
1724238714,355,,Aggregated,265.500000,0.000000,52,100,170,240,630,1200,5000,8200,21000,29000,30000,13751,0,52,394.094562728052,1.2565143406391144,29522.21526298672,15327.069522216567
1724238715,360,,Aggregated,266.800000,0.000000,52,100,170,230,630,1200,5000,8300,21000,30000,35000,13895,0,52,395.3226010356341,1.2565143406391144,35205.168629065156,15233.302267002518
1724238716,365,,Aggregated,270.300000,0.000000,52,100,170,230,630,1200,5000,8400,21000,30000,35000,14191,0,52,399.2627221394256,1.2565143406391144,35205.168629065156,15817.461560143753
1724238718,370,,Aggregated,259.200000,0.000000,53,110,170,230,620,1200,5000,8400,21000,35000,41000,14525,0,53,402.3177163742111,1.2565143406391144,40768.59166380018,15885.145748709123
1724238719,375,,Aggregated,263.500000,0.000000,53,110,170,230,630,1200,5000,8400,22000,35000,41000,14751,0,53,404.7445042917983,1.2565143406391144,40768.59166380018,16013.527082909633
1724238720,380,,Aggregated,264.500000,0.000000,53,110,170,230,630,1200,5200,8700,22000,35000,41000,15041,0,53,413.8570268669453,1.2565143406391144,40768.59166380018,16164.48055315471
1724238721,385,,Aggregated,255.900000,0.000000,53,110,170,230,630,1200,5400,9300,28000,41000,45000,15257,0,53,431.77574522056636,1.2565143406391144,45112.35147994012,16244.158222455266
1724238722,390,,Aggregated,259.600000,0.000000,52,110,170,230,620,1200,5300,9300,28000,41000,45000,15383,0,52,428.5264367696961,1.2565143406391144,45112.35147994012,16188.176363518169
1724238723,395,,Aggregated,249.900000,0.000000,53,110,170,230,620,1200,5300,9300,28000,41000,45000,15603,0,53,430.8091640094105,1.2565143406391144,45112.35147994012,16808.252515541884
1724238724,400,,Aggregated,238.100000,0.000000,54,110,170,230,610,1200,5500,9400,29000,41000,45000,15978,0,54,436.3069877590709,1.2565143406391144,45112.35147994012,16878.53191888847
1724238725,405,,Aggregated,230.100000,0.000000,54,110,170,230,620,1200,5500,9500,28000,41000,45000,16194,0,54,436.16585370463287,1.2565143406391144,45112.35147994012,16935.690934914164
1724238726,410,,Aggregated,238.900000,0.000000,54,110,170,230,630,1200,5500,9600,29000,41000,45000,16450,0,54,447.5995913696529,1.2565143406391144,45112.35147994012,17111.588267477204
1724238727,415,,Aggregated,237.900000,0.000000,54,110,170,230,620,1200,5600,10000,29000,41000,45000,16699,0,54,450.8792495987901,1.2565143406391144,45112.35147994012,17271.733756512367
1724238728,420,,Aggregated,244.100000,0.000000,53,110,170,230,620,1200,5700,10000,29000,41000,45000,16942,0,53,458.2994240979833,1.2565143406391144,45112.35147994012,17434.00714201393
1724238729,425,,Aggregated,241.300000,0.000000,53,110,170,230,610,1200,5900,11000,30000,41000,45000,17196,0,53,466.59524039251403,1.2565143406391144,45112.35147994012,17601.140207024888
1724238730,430,,Aggregated,234.100000,0.000000,53,110,170,230,610,1300,6000,11000,30000,43000,45000,17450,0,53,477.8873351705194,1.2565143406391144,45112.35147994012,17814.845157593125
1724238731,435,,Aggregated,233.800000,0.000000,53,110,170,230,610,1200,6100,11000,30000,43000,45000,17730,0,53,479.5770699332704,1.2565143406391144,45112.35147994012,18018.476142131978
1724238732,440,,Aggregated,226.000000,0.000000,54,110,170,230,610,1200,6200,11000,32000,44000,45000,18008,0,54,487.76957583792637,1.2565143406391144,45112.35147994012,18268.344846734784
1724238733,445,,Aggregated,235.500000,0.000000,54,110,170,230,600,1200,6200,11000,32000,44000,45000,18308,0,54,487.6907108555983,1.2565143406391144,45112.35147994012,18313.758247760543
1724238734,450,,Aggregated,248.300000,0.000000,54,110,170,230,600,1200,6200,11000,32000,44000,45000,18571,0,54,489.8861343676755,1.2565143406391144,45112.35147994012,18578.786064293792
1724238735,455,,Aggregated,258.300000,0.000000,54,110,170,230,610,1200,6300,12000,32000,44000,45000,18811,0,54,493.52539804293804,1.2565143406391144,45112.35147994012,18698.15278294615
1724238736,460,,Aggregated,249.800000,0.000000,54,110,170,230,610,1200,6400,12000,32000,51000,53000,19039,0,54,502.0333356670364,1.2565143406391144,52588.753937743604,18826.609958506226
1724238737,465,,Aggregated,243.200000,0.000000,53,110,170,220,600,1200,6500,12000,34000,51000,53000,19262,0,53,516.1379283116056,1.2565143406391144,52588.753937743604,18960.647025231025
1724238738,470,,Aggregated,251.000000,0.000000,53,110,170,220,600,1200,6700,13000,36000,53000,53000,19517,0,53,526.582601794317,1.2565143406391144,52780.703742057085,19104.708459291898
1724238740,475,,Aggregated,242.000000,0.000000,53,110,170,220,600,1200,6800,13000,36000,53000,53000,19704,0,53,533.12108722225,1.2565143406391144,52780.703742057085,19277.257663418593
1724238741,480,,Aggregated,244.400000,0.000000,53,110,170,220,600,1200,7000,13000,36000,53000,58000,19959,0,53,542.5757298280463,1.2565143406391144,57942.12082400918,19295.003206573474
1724238742,485,,Aggregated,240.200000,0.000000,53,110,170,220,600,1200,6900,13000,36000,53000,58000,20222,0,53,537.8977121164371,1.2565143406391144,57942.12082400918,19517.561072099692
1724238743,490,,Aggregated,236.600000,0.000000,52,110,170,220,600,1200,6900,13000,36000,53000,58000,20403,0,52,538.7257702607284,1.2565143406391144,57942.12082400918,19610.56829877959
1724238744,495,,Aggregated,234.000000,0.000000,52,110,170,220,600,1200,6900,13000,36000,53000,58000,20565,0,52,536.3960368029815,1.2565143406391144,57942.12082400918,19769.054266958425
1724238745,500,,Aggregated,225.700000,0.000000,52,110,170,220,600,1300,6900,13000,36000,53000,58000,20800,0,52,539.1483928640193,1.2565143406391144,57942.12082400918,19966.209951923076
1724238746,505,,Aggregated,214.700000,0.000000,52,110,170,220,610,1300,7000,13000,37000,53000,58000,20990,0,52,550.0437219495867,1.2565143406391144,57942.12082400918,20034.290900428776
1724238747,510,,Aggregated,219.200000,0.000000,52,110,170,220,610,1300,7300,14000,40000,53000,58000,21144,0,52,568.4578535661917,1.2565143406391144,57942.12082400918,20088.858777903897
1724238748,515,,Aggregated,209.000000,0.000000,51,110,170,220,610,1300,7500,14000,41000,53000,58000,21364,0,51,580.7844368628272,1.2565143406391144,57942.12082400918,20230.575313611684
1724238749,520,,Aggregated,203.000000,0.000000,51,110,170,220,600,1300,7500,15000,41000,53000,58000,21572,0,51,583.4960569555484,1.2565143406391144,57942.12082400918,20425.89152605229
1724238750,525,,Aggregated,201.300000,0.000000,51,110,170,220,600,1300,7500,15000,42000,53000,60000,21854,1,51,588.9846747606438,1.2565143406391144,60153.108910657465,20585.707376224032
1724238751,530,,Aggregated,201.000000,0.000000,51,110,170,220,600,1300,7500,15000,41000,53000,60000,22125,1,51,586.7245067766326,1.2565143406391144,60153.108910657465,20761.50711864407
1724238752,535,,Aggregated,204.800000,0.100000,50,110,170,220,600,1300,7500,15000,42000,56000,60000,22308,1,50,588.9083971500714,1.2565143406391144,60153.108910657465,20908.396360050207
1724238753,540,,Aggregated,203.900000,0.100000,50,110,170,220,610,1300,7500,15000,42000,58000,60000,22489,2,50,594.1837120580814,1.2565143406391144,60324.52247198671,21020.618924807684
1724238754,545,,Aggregated,201.700000,0.100000,50,110,170,220,610,1300,7500,15000,43000,58000,60000,22667,2,50,597.3943117726187,1.2565143406391144,60324.52247198671,21148.523271716593
1724238755,550,,Aggregated,199.100000,0.200000,50,110,170,220,610,1300,7600,15000,43000,58000,60000,22832,2,50,608.047571012885,1.2565143406391144,60324.52247198671,21181.499518220044
1724238756,555,,Aggregated,203.200000,0.200000,49,110,170,220,610,1300,7900,16000,43000,58000,60000,23038,2,49,616.148789695888,1.2565143406391144,60324.52247198671,21298.446479729144
1724238757,560,,Aggregated,194.800000,0.200000,49,110,170,220,610,1300,8000,17000,44000,60000,60000,23244,4,49,628.6467777984545,1.2565143406391144,60324.52247198671,21453.805799346068
1724238758,565,,Aggregated,193.700000,0.200000,49,110,170,220,610,1300,8300,18000,45000,60000,60000,23465,5,49,645.2490880164592,1.2565143406391144,60324.52247198671,21555.862689111444
1724238759,570,,Aggregated,198.100000,0.200000,49,110,170,220,610,1300,8400,18000,46000,60000,60000,23654,7,49,652.7422660052788,1.2565143406391144,60324.52247198671,21717.94880358502
1724238760,575,,Aggregated,199.400000,0.400000,49,110,170,210,600,1300,8500,18000,47000,60000,60000,23867,7,49,654.2436892504503,1.2565143406391144,60324.52247198671,21791.20823731512
1724238762,580,,Aggregated,192.500000,0.600000,49,110,160,210,600,1300,8500,18000,47000,60000,60000,24087,9,49,655.7596602302793,1.2565143406391144,60324.52247198671,21992.440528085688
1724238763,585,,Aggregated,188.200000,0.600000,48,110,160,210,600,1300,8400,18000,47000,60000,60000,24273,132,48,652.8451735198609,1.2565143406391144,60324.52247198671,21915.531166316483
1724238764,590,,Aggregated,187.900000,0.800000,48,110,160,210,600,1300,8300,18000,47000,60000,60000,24440,230,48,651.9779583914419,1.2565143406391144,60324.52247198671,21901.04128477905
1724238765,595,,Aggregated,191.900000,12.900000,48,110,160,210,610,1300,8300,18000,47000,60000,60000,24638,291,48,652.745575088639,1.2565143406391144,60324.52247198671,21976.561936845523
1724238766,600,,Aggregated,187.400000,22.800000,48,110,160,210,610,1300,8300,19000,47000,60000,60000,24856,327,48,657.7768768150914,1.2565143406391144,60324.52247198671,22037.722159639525
1724238767,605,,Aggregated,186.600000,28.900000,47,110,160,210,610,1300,8200,19000,47000,60000,60000,25073,379,47,656.7107000922825,1.2565143406391144,60324.52247198671,22136.813185498344
1724238768,610,,Aggregated,195.000000,32.300000,47,110,160,210,610,1300,8300,19000,48000,60000,60000,25296,408,47,663.6603159714664,1.2565143406391144,60324.52247198671,22259.667457305502
1724238769,615,,Aggregated,194.300000,37.200000,47,100,160,210,610,1300,8400,19000,49000,60000,60000,25536,416,47,670.7373259860493,1.2565143406391144,60324.52247198671,22383.265037593985
1724238770,620,,Aggregated,193.800000,40.200000,47,100,160,210,610,1300,8500,20000,50000,60000,60000,25733,425,47,679.2054920502289,1.2565143406391144,60324.52247198671,22495.98705941787
1724238771,625,,Aggregated,195.800000,40.600000,47,100,160,210,610,1300,8800,20000,51000,60000,60000,25913,461,47,691.2865678751424,1.2565143406391144,60324.52247198671,22530.87068266893
1724238772,630,,Aggregated,198.900000,41.700000,47,100,160,210,610,1300,9200,21000,52000,60000,60000,26136,506,47,707.2923038930087,1.2565143406391144,60324.52247198671,22636.254553106824
1724238773,635,,Aggregated,194.300000,42.200000,47,100,160,210,600,1300,9200,21000,54000,60000,60000,26428,606,47,717.2071687579823,1.2565143406391144,60324.52247198671,22681.03700620554
1724238774,640,,Aggregated,194.800000,45.500000,46,100,160,210,600,1300,9300,22000,59000,60000,60000,26692,700,46,727.8284438557141,1.2565143406391144,60324.52247198671,22732.217181177883
1724238775,645,,Aggregated,198.200000,41.200000,46,100,160,210,600,1300,9400,22000,60000,60000,60000,26924,761,46,736.449058024984,1.2565143406391144,60324.52247198671,22762.973183776558
1724238776,650,,Aggregated,210.000000,39.000000,47,100,160,200,600,1300,9400,22000,60000,60000,60000,27267,927,47,745.4157379557751,1.2565143406391144,60324.52247198671,22612.6584149338
1724238777,655,,Aggregated,218.800000,42.900000,46,100,160,200,600,1300,9600,23000,60000,60000,60000,27539,1017,46,759.4555226593621,1.2565143406391144,60324.52247198671,22696.660009441155
1724238778,660,,Aggregated,216.800000,44.400000,46,100,160,200,600,1300,9700,24000,60000,60000,60000,27774,1057,46,771.7890525176033,1.2565143406391144,60324.52247198671,22807.393461510765
1724238779,665,,Aggregated,228.700000,56.000000,47,100,160,200,600,1300,10000,25000,60000,60000,60000,28004,1118,47,787.6045564592957,1.2565143406391144,60389.425159431994,22789.01078417369
1724238781,670,,Aggregated,234.400000,64.600000,48,110,160,200,590,1300,10000,25000,60000,60000,60000,28347,1258,48,791.3079194894548,1.2565143406391144,60389.425159431994,22788.01234698557
1724238782,675,,Aggregated,236.100000,69.400000,48,100,160,200,590,1300,10000,25000,60000,60000,60000,28671,1449,48,798.988177102262,1.2565143406391144,60389.425159431994,22660.745596595865
1724238783,680,,Aggregated,252.000000,81.500000,49,110,160,200,590,1300,10000,26000,60000,60000,60000,28883,1480,49,809.5618717437422,1.2565143406391144,60389.425159431994,22663.831457951044
1724238784,685,,Aggregated,262.100000,98.000000,50,110,160,210,580,1300,10000,27000,60000,60000,60000,29220,1600,50,821.4161211321632,1.2565143406391144,60389.425159431994,22709.38980150582
1724238785,690,,Aggregated,257.800000,92.400000,51,110,160,210,590,1300,11000,29000,60000,60000,60000,29472,1685,51,836.706752261783,1.2565143406391144,60389.425159431994,22685.233374049945
1724238786,695,,Aggregated,259.500000,91.500000,52,110,170,210,580,1300,11000,29000,60000,60000,60000,29830,1870,52,845.805612713176,1.2565143406391144,60389.425159431994,22562.270197787464
1724238787,700,,Aggregated,258.600000,90.900000,53,120,170,210,590,1300,11000,29000,60000,60000,60000,30171,2036,53,854.3627999235797,1.2565143406391144,60389.425159431994,22455.094527857877
1724238788,705,,Aggregated,270.300000,101.500000,54,120,170,220,590,1300,11000,30000,60000,60000,60000,30402,2088,54,865.4369832273911,1.2565143406391144,60389.425159431994,22359.36862706401
1724238789,710,,Aggregated,259.800000,94.600000,55,120,170,220,590,1300,11000,30000,60000,60000,60000,30745,2275,55,874.3643024850895,1.2565143406391144,60389.425159431994,22325.278093999023
1724238790,715,,Aggregated,266.600000,104.400000,56,120,170,220,600,1300,12000,31000,60000,60000,60000,30963,2346,56,882.8268675730645,1.2565143406391144,60389.425159431994,22235.951264412364
1724238792,720,,Aggregated,275.200000,116.400000,58,130,170,230,600,1300,11000,31000,60000,60000,60000,31461,2768,58,879.2450431579384,1.2565143406391144,60389.425159431994,21936.66774736976
1724238793,725,,Aggregated,263.300000,110.200000,59,130,170,230,600,1300,11000,31000,60000,60000,60000,31859,3058,59,882.6922897447716,1.2565143406391144,60389.425159431994,21795.050880441948
1724238794,730,,Aggregated,279.600000,131.300000,58,120,170,220,600,1300,11000,31000,60000,60000,60000,32194,3231,58,890.9918138025284,1.2565143406391144,60389.425159431994,21641.850903895134
1724238795,735,,Aggregated,288.000000,147.600000,59,120,170,220,600,1300,11000,32000,60000,60000,61000,32405,3335,59,895.2920590500196,1.2565143406391144,60604.720739647746,21635.251627835212
1724238796,740,,Aggregated,293.900000,164.300000,60,130,180,230,600,1300,12000,33000,60000,60000,61000,32764,3440,60,913.3263920726769,1.2565143406391144,60604.720739647746,21547.5930594555
1724238797,745,,Aggregated,302.100000,170.400000,61,130,180,230,610,1300,12000,33000,60000,60000,61000,32985,3545,61,925.2120836554762,1.2565143406391144,60604.720739647746,21529.6997119903
1724238798,750,,Aggregated,285.300000,157.300000,63,130,180,240,610,1300,12000,33000,60000,60000,61000,33351,3752,63,932.8439584927497,1.2565143406391144,60604.720739647746,21450.297742196635
1724238799,755,,Aggregated,299.500000,164.300000,64,130,180,240,620,1300,12000,34000,60000,60000,61000,33554,3838,64,945.7933716758519,1.2565143406391144,60604.720739647746,21372.022292424153
1724238800,760,,Aggregated,284.100000,152.000000,66,130,190,250,620,1300,13000,34000,60000,60000,61000,33895,4006,66,963.76528016553,1.2565143406391144,60604.720739647746,21292.2785661602
1724238801,765,,Aggregated,300.000000,170.500000,67,130,190,250,630,1300,13000,35000,60000,60000,61000,34086,4067,67,983.5290799489769,1.2565143406391144,60604.720739647746,21293.5053687731
1724238802,770,,Aggregated,284.400000,156.100000,68,140,190,250,640,1300,13000,36000,60000,60000,61000,34399,4149,68,1005.1014663673461,1.2565143406391144,60604.720739647746,21380.94874851013
1724238804,775,,Aggregated,263.700000,131.000000,69,140,200,260,650,1400,14000,36000,60000,60000,61000,34547,4174,69,1018.4204286962306,1.2565143406391144,60604.720739647746,21533.19081251628
1724238805,780,,Aggregated,268.800000,120.600000,71,140,200,270,660,1400,14000,36000,60000,60000,61000,34885,4295,71,1027.2985579633637,1.2565143406391144,60604.720739647746,21545.735473699297
1724238806,785,,Aggregated,246.700000,99.500000,72,140,200,270,680,1500,14000,37000,60000,60000,61000,35116,4380,72,1043.632199934753,1.2565143406391144,60604.720739647746,21576.301685841212
1724238807,790,,Aggregated,245.200000,93.000000,73,140,200,270,700,1600,14000,37000,60000,60000,61000,35445,4545,73,1047.5911002653186,1.2565143406391144,60604.720739647746,21582.010692622374
1724238808,795,,Aggregated,250.100000,100.400000,74,140,210,280,710,1600,14000,37000,60000,60000,61000,35682,4647,74,1050.062318318686,1.2565143406391144,60604.720739647746,21576.839106552325
1724238809,800,,Aggregated,243.500000,95.500000,75,150,210,280,750,1700,14000,37000,60000,60000,61000,36003,4789,75,1063.8475521184037,1.2565143406391144,60604.720739647746,21584.71607921562
1724238810,805,,Aggregated,256.200000,104.800000,77,150,220,290,780,1700,14000,38000,60000,60000,61000,36378,5006,77,1080.419779733158,1.2565143406391144,60604.720739647746,21435.901011600417
1724238811,810,,Aggregated,235.900000,85.900000,78,150,220,300,800,1700,14000,39000,60000,60000,61000,36562,5088,78,1090.5846073660273,1.2565143406391144,60604.720739647746,21352.18748974345
1724238812,815,,Aggregated,253.800000,102.600000,79,150,220,310,820,1700,14000,39000,60000,60000,61000,36970,5389,79,1092.6163727447063,1.2565143406391144,60604.720739647746,21204.552312685963
1724238813,820,,Aggregated,247.100000,99.300000,80,150,230,320,830,1700,14000,39000,60000,60000,61000,37200,5536,80,1097.1806955181053,1.2565143406391144,60604.720739647746,21098.79
1724238814,825,,Aggregated,255.200000,106.800000,81,150,230,330,850,1700,14000,39000,60000,60000,61000,37610,5798,81,1101.1380872421503,1.2565143406391144,60604.720739647746,20915.591651156607
1724238816,830,,Aggregated,268.500000,136.800000,82,160,230,340,850,1700,14000,39000,60000,60000,61000,37816,5904,82,1105.1732188741641,1.2565143406391144,60604.720739647746,20860.89496509414
1724238817,835,,Aggregated,277.900000,153.500000,83,160,240,350,870,1700,14000,39000,60000,60000,61000,38279,6268,83,1115.704262069881,1.2565143406391144,60604.720739647746,20641.761096162387
1724238818,840,,Aggregated,275.800000,153.600000,84,160,250,360,880,1700,14000,39000,60000,60000,61000,38532,6477,84,1121.2307052337503,1.2565143406391144,60604.720739647746,20516.201910100695
1724238819,845,,Aggregated,289.100000,174.000000,85,160,250,370,880,1700,14000,40000,60000,60000,61000,38994,6853,85,1124.6578749472737,1.2565143406391144,60604.720739647746,20305.27199056265
1724238820,850,,Aggregated,280.200000,178.300000,86,170,260,380,870,1700,14000,40000,60000,60000,61000,39324,7164,86,1123.6236467025085,1.2565143406391144,60604.720739647746,20139.557979859626
1724238821,855,,Aggregated,308.800000,208.500000,87,170,270,400,870,1700,14000,40000,60000,60000,61000,39687,7445,87,1135.9527186865664,1.2565143406391144,60604.720739647746,19969.352810744072
1724238822,860,,Aggregated,301.000000,213.300000,89,170,280,410,880,1700,14000,41000,60000,60000,61000,40105,7792,89,1141.7504187182415,1.2565143406391144,60604.720739647746,19780.678942775216
1724238823,865,,Aggregated,319.500000,235.700000,90,170,290,420,890,1700,14000,41000,60000,60000,61000,40380,8047,90,1139.5814068079892,1.2565143406391144,60604.720739647746,19655.165775136207
1724238824,870,,Aggregated,314.000000,237.300000,92,180,310,420,890,1700,14000,40000,60000,60000,61000,40919,8559,92,1134.9229482754438,1.2565143406391144,60604.720739647746,19402.75014052152
1724238825,875,,Aggregated,317.000000,242.800000,93,180,320,430,900,1700,14000,41000,60000,60000,61000,41194,8815,93,1140.3269140746736,1.2565143406391144,60604.720739647746,19275.020245666845
1724238827,880,,Aggregated,332.000000,277.200000,95,190,330,430,900,1700,14000,41000,60000,60000,61000,41590,9186,95,1135.8592015011252,1.2565143406391144,60604.720739647746,19094.954676604953
1724238828,885,,Aggregated,342.100000,295.000000,97,190,340,440,910,1600,13000,41000,60000,60000,61000,42052,9601,97,1136.4927236188535,1.2565143406391144,60604.720739647746,18894.29958147056
1724238829,890,,Aggregated,336.200000,296.500000,98,190,350,450,910,1600,14000,41000,60000,60000,61000,42302,9792,98,1148.030525321948,1.2565143406391144,60604.720739647746,18797.50340409437
1724238830,895,,Aggregated,350.900000,309.400000,100,200,360,460,920,1600,14000,41000,60000,60000,61000,42778,10207,100,1153.0226448147969,1.2565143406391144,60604.720739647746,18599.99385197999
1724238831,900,,Aggregated,337.600000,302.400000,100,200,370,470,930,1600,14000,42000,60000,60000,61000,43085,10474,100,1164.370939520207,1.2565143406391144,60604.720739647746,18471.99053034699
1724238832,905,,Aggregated,346.500000,305.500000,100,210,380,470,920,1600,14000,42000,60000,60000,61000,43581,10937,100,1165.45115799697,1.2565143406391144,60604.720739647746,18268.313301668157
1724238833,910,,Aggregated,333.700000,295.600000,100,210,380,480,930,1600,14000,42000,60000,60000,61000,43823,11133,100,1174.7963881962341,1.2565143406391144,60604.720739647746,18175.62163703991
1724238834,915,,Aggregated,357.100000,320.300000,110,220,390,490,930,1600,14000,42000,60000,60000,61000,44285,11539,110.0,1174.9960998216225,1.2565143406391144,60604.720739647746,18002.56330585977
1724238835,920,,Aggregated,339.800000,308.600000,110,220,390,500,940,1600,14000,43000,60000,60000,61000,44713,11907,110.0,1199.4610548583373,1.2565143406391144,60604.720739647746,17840.016617091227
1724238836,925,,Aggregated,350.600000,310.600000,110,220,400,500,940,1600,14000,43000,60000,60000,61000,44949,12086,110.0,1201.0060523596298,1.2565143406391144,60604.720739647746,17759.758593072147
1724238838,930,,Aggregated,348.600000,306.000000,110,230,410,520,960,1600,14000,44000,60000,60000,61000,45408,12479,110.0,1209.9866760149566,1.2565143406391144,60604.720739647746,17593.27600863284
1724238839,935,,Aggregated,336.200000,290.300000,110,230,410,520,970,1600,14000,44000,60000,60000,61000,45627,12666,110.0,1219.5159818080924,1.2565143406391144,60604.720739647746,17517.610186950707
1724238840,940,,Aggregated,344.300000,296.200000,110,240,420,540,990,1600,15000,45000,60000,60000,61000,46179,13148,110.0,1233.235892896885,1.2565143406391144,60604.720739647746,17318.654713181317
1724238841,945,,Aggregated,330.600000,283.700000,110,250,430,540,1000,1600,15000,46000,60000,60000,61000,46451,13362,110.0,1240.6664238360693,1.2565143406391144,60604.720739647746,17231.037738692386
1724238842,950,,Aggregated,348.400000,303.000000,120,250,440,560,1000,1600,15000,46000,60000,60000,61000,46925,13767,120.0,1244.9458781690137,1.2565143406391144,60604.720739647746,17081.482685135856
1724238843,955,,Aggregated,341.100000,293.500000,120,260,440,560,1000,1600,15000,46000,60000,60000,61000,47134,13912,120.0,1257.2619035343412,1.2565143406391144,60604.720739647746,17016.198031145246
1724238844,960,,Aggregated,341.100000,290.800000,120,260,450,580,1000,1600,15000,47000,60000,60000,61000,47618,14307,120.0,1273.0609167578175,1.2565143406391144,60604.720739647746,16854.503276072075
1724238845,965,,Aggregated,340.000000,287.500000,120,270,460,590,1100,1600,16000,48000,60000,61000,61000,47893,14542,120.0,1284.5813183388432,1.2565143406391144,60604.720739647746,16767.81913849623
1724238846,970,,Aggregated,334.600000,282.500000,120,280,470,620,1100,1600,15000,48000,60000,61000,61000,48355,14959,120.0,1286.919696143288,1.2565143406391144,60604.720739647746,16615.55665391376
1724238847,975,,Aggregated,349.700000,291.300000,120,290,480,630,1100,1600,16000,48000,60000,61000,61000,48608,15187,120.0,1298.6784281529349,1.2565143406391144,60604.720739647746,16535.308858624096
1724238848,980,,Aggregated,334.800000,278.800000,120,300,490,650,1100,1600,16000,49000,60000,61000,61000,49081,15569,120.0,1308.6825950894627,1.2565143406391144,60604.720739647746,16392.65884965669
1724238849,985,,Aggregated,350.500000,297.200000,120,300,490,660,1100,1600,16000,49000,60000,61000,61000,49367,15826,120.0,1312.3913829581027,1.2565143406391144,60604.720739647746,16307.112585330282
1724238850,990,,Aggregated,330.100000,278.100000,130,320,510,680,1100,1600,16000,50000,60000,61000,61000,49829,16250,130.0,1317.3504404347182,1.2565143406391144,60791.96596611291,16165.077986714563
1724238851,995,,Aggregated,359.300000,302.900000,130,320,520,690,1100,1600,16000,50000,60000,61000,61000,50061,16434,130.0,1323.8672895772024,1.2565143406391144,60968.538131564856,16096.30091288628
1724238853,1000,,Aggregated,350.800000,299.600000,130,340,530,700,1200,1600,16000,50000,60000,61000,61000,50578,16918,130.0,1324.402080996711,1.2565143406391144,60968.538131564856,15936.912353197042
1724238854,1000,,Aggregated,330.100000,281.500000,130,340,540,700,1200,1600,16000,50000,60000,61000,61000,50863,17172,130.0,1326.184603980367,1.2565143406391144,60968.538131564856,15850.726382635708
1724238855,1000,,Aggregated,355.300000,306.400000,130,360,560,710,1200,1600,15000,50000,60000,61000,61000,51391,17669,130.0,1328.0879810062968,1.2565143406391144,60968.538131564856,15691.386098733241
1724238856,1000,,Aggregated,345.500000,303.100000,130,360,570,710,1200,1600,16000,51000,60000,61000,61000,51712,17975,130.0,1335.796467453718,1.2565143406391144,60970.44665366411,15597.805170946782
1724238857,1000,,Aggregated,351.000000,311.800000,140,370,580,730,1200,1600,17000,53000,60000,61000,61000,52141,18339,140.0,1358.372686799783,1.2565143406391144,60970.44665366411,15477.2890431714
1724238858,1000,,Aggregated,352.600000,316.800000,140,380,590,730,1200,1600,17000,55000,60000,61000,61000,52416,18598,140.0,1367.158341338162,1.2565143406391144,60970.44665366411,15400.995440323566
1724238859,1000,,Aggregated,352.300000,312.900000,140,380,590,730,1200,1600,17000,56000,60000,61000,61000,52901,19057,140.0,1371.2326209090745,1.2565143406391144,60970.44665366411,15264.340522863462
1724238860,1000,,Aggregated,360.600000,324.500000,140,390,600,730,1200,1600,18000,57000,60000,61000,61000,53109,19199,140.0,1389.54159348311,1.2565143406391144,61179.48902398348,15212.248752565478
1724238861,1000,,Aggregated,353.200000,320.900000,140,400,610,750,1200,1600,18000,57000,60000,61000,61000,53637,19676,140.0,1391.8197759151597,1.2565143406391144,61179.48902398348,15068.071611014784
1724238862,1000,,Aggregated,361.000000,330.100000,140,400,620,750,1200,1600,18000,58000,60000,61000,62000,53890,19905,140.0,1402.8271021842686,1.2565143406391144,61755.32218068838,15004.199573204676
1724238863,1000,,Aggregated,346.700000,309.700000,150,410,630,760,1200,1600,18000,58000,60000,61000,62000,54363,20339,150.0,1408.8876584130812,1.2565143406391144,61755.32218068838,14878.493736548755
1724238864,1000,,Aggregated,372.200000,338.500000,150,420,640,760,1200,1600,19000,60000,60000,61000,62000,54646,20593,150.0,1424.8474746349045,1.2565143406391144,62337.46045548469,14805.706565896864
1724238865,1000,,Aggregated,342.200000,307.400000,150,430,660,770,1200,1600,19000,60000,60000,62000,62000,55145,21013,150.0,1427.3970290678715,1.2565143406391144,62337.46045548469,14683.44413818116
1724238867,1000,,Aggregated,364.200000,329.200000,150,430,660,760,1200,1600,19000,60000,60000,62000,62000,55443,21302,150.0,1427.5894833185394,1.2565143406391144,62337.46045548469,14607.564525729127
1724238868,1000,,Aggregated,355.800000,315.000000,150,450,670,770,1200,1600,19000,60000,61000,62000,62000,55970,21787,150.0,1434.203728926895,1.2565143406391144,62337.46045548469,14477.554046810792
1724238869,1000,,Aggregated,346.600000,311.500000,160,460,670,770,1200,1600,19000,60000,61000,62000,62000,56310,22121,160.0,1440.1350882828604,1.2565143406391144,62337.46045548469,14390.568158408809
1724238870,1000,,Aggregated,358.100000,320.800000,160,460,670,780,1200,1500,19000,60000,61000,62000,62000,56784,22505,160.0,1443.160047318672,1.2565143406391144,62337.46045548469,14281.760636799097
1724238871,1000,,Aggregated,359.000000,324.400000,160,470,670,780,1200,1500,19000,60000,61000,62000,62000,57059,22759,160.0,1442.3574558920764,1.2565143406391144,62337.46045548469,14215.459173837608
1724238872,1000,,Aggregated,360.100000,319.200000,160,480,680,790,1200,1500,19000,60000,61000,62000,62000,57553,23187,160.0,1445.4952132454723,1.2565143406391144,62337.46045548469,14104.194394731812
1724238873,1000,,Aggregated,375.900000,340.800000,160,480,680,790,1200,1500,18000,60000,61000,62000,62000,57884,23513,160.0,1442.5513685004125,1.2565143406391144,62337.46045548469,14024.223706032755
1724238874,1000,,Aggregated,350.700000,312.000000,170,500,680,790,1200,1500,19000,60000,61000,62000,62000,58367,23966,170.0,1451.1950862019514,1.2565143406391144,62337.46045548469,13911.430534377303
1724238875,1000,,Aggregated,381.900000,345.900000,170,510,680,790,1200,1500,19000,60000,61000,62000,62000,58675,24243,170.0,1455.8015255366897,1.2565143406391144,62337.46045548469,13840.950200255646
1724238876,1000,,Aggregated,356.800000,321.500000,170,520,680,800,1200,1500,20000,60000,61000,62000,62000,59191,24704,170.0,1472.1448117474533,1.2565143406391144,62337.46045548469,13730.926542886587
1724238878,1000,,Aggregated,381.200000,347.800000,170,510,680,790,1200,1500,19000,60000,61000,62000,62000,59534,25042,170.0,1469.106920129206,1.2565143406391144,62337.46045548469,13652.186448080089
1724238879,1000,,Aggregated,376.100000,341.300000,180,520,680,800,1200,1500,20000,60000,61000,62000,62000,59951,25386,180.0,1480.8304013495829,1.2565143406391144,62337.46045548469,13571.545595569716
1724238880,1000,,Aggregated,365.100000,334.000000,180,530,690,810,1200,1500,20000,60000,61000,62000,62000,60271,25673,180.0,1480.4812620646994,1.2565143406391144,62337.46045548469,13505.259079822801
1724238881,1000,,Aggregated,365.000000,328.900000,180,540,690,820,1200,1500,20000,60000,61000,62000,62000,60722,26080,180.0,1488.0639743512102,1.2565143406391144,62337.46045548469,13411.983317413788
1724238882,1000,,Aggregated,366.100000,332.400000,180,540,690,820,1200,1500,20000,60000,61000,62000,62000,61043,26390,180.0,1489.1796297628823,1.2565143406391144,62337.46045548469,13342.77640351883
1724238883,1000,,Aggregated,347.400000,315.400000,190,550,690,820,1200,1500,20000,60000,61000,62000,62000,61503,26807,190.0,1488.3654586231744,1.2565143406391144,62337.46045548469,13246.84174755703
1724238884,1000,,Aggregated,373.000000,343.000000,190,550,690,820,1200,1500,20000,60000,61000,62000,62000,61800,27095,190.0,1486.3000269573643,1.2565143406391144,62337.46045548469,13183.644466019417
1724238885,1000,,Aggregated,344.300000,314.500000,190,550,690,830,1200,1500,19000,60000,61000,62000,62000,62438,27721,190.0,1482.7528244652467,1.2565143406391144,62337.46045548469,13049.951616003074
1724238886,1000,,Aggregated,367.100000,335.500000,200,560,700,830,1200,1500,19000,60000,61000,62000,62000,62790,28070,200.0,1480.175918680513,1.2565143406391144,62337.46045548469,12977.095620321707
1724238888,1000,,Aggregated,386.400000,358.100000,200,550,700,830,1200,1500,19000,60000,61000,62000,62000,63373,28641,200.0,1476.3764356202835,1.2565143406391144,62337.46045548469,12860.033720985277
1724238889,1000,,Aggregated,371.800000,348.700000,210,560,700,840,1200,1500,18000,60000,61000,62000,62000,63923,29176,210.0,1472.9916728086348,1.2565143406391144,62337.46045548469,12753.20044428453
1724238890,1000,,Aggregated,383.100000,359.100000,210,560,700,840,1200,1500,18000,60000,61000,62000,62000,64242,29485,210.0,1479.37086221654,1.2565143406391144,62337.46045548469,12691.453503938234
1724238891,1000,,Aggregated,389.300000,369.200000,210,560,700,840,1200,1500,18000,60000,61000,62000,62000,64825,30001,210.0,1482.2644465546314,1.2565143406391144,62337.46045548469,12583.914323177787
1724238892,1000,,Aggregated,393.200000,377.400000,220,560,700,840,1200,1500,19000,60000,61000,62000,62000,65177,30333,220.0,1483.9447908292468,1.2565143406391144,62337.46045548469,12518.013747180754
1724238893,1000,,Aggregated,414.200000,395.100000,230,550,700,840,1200,1500,18000,60000,61000,62000,62000,65859,31005,230.0,1477.9900044044236,1.2565143406391144,62337.46045548469,12389.394524666333
1724238894,1000,,Aggregated,403.600000,385.800000,230,550,690,830,1200,1500,18000,60000,61000,62000,62000,66233,31351,230.0,1480.948321047015,1.2565143406391144,62337.46045548469,12325.20865731584
1724238895,1000,,Aggregated,438.600000,420.200000,230,550,690,830,1200,1500,18000,60000,61000,62000,62000,66652,31767,230.0,1476.3143889018024,1.2565143406391144,62337.46045548469,12248.30498709716
1724238896,1000,,Aggregated,430.000000,413.900000,240,550,690,830,1200,1500,19000,60000,61000,62000,62000,67135,32177,240.0,1487.2174951159923,1.2565143406391144,62337.46045548469,12172.082133015565
1724238897,1000,,Aggregated,451.000000,433.600000,240,550,690,820,1200,1500,19000,60000,61000,62000,62000,67499,32516,240.0,1489.095071142172,1.2565143406391144,62337.46045548469,12109.603860797937
1724238898,1000,,Aggregated,422.500000,403.600000,250,550,690,820,1200,1500,18000,60000,61000,62000,62000,68114,33108,250.0,1484.9097420102853,1.2565143406391144,62337.46045548469,12003.891285198344
1724238899,1000,,Aggregated,438.000000,413.700000,250,550,690,820,1200,1500,19000,60000,61000,62000,62000,68433,33382,250.0,1492.0615157959342,1.2565143406391144,62337.46045548469,11951.468107491999
1724238900,1000,,Aggregated,428.700000,401.800000,250,550,690,820,1200,1500,19000,60000,61000,62000,62000,68807,33695,250.0,1494.6056192117132,1.2565143406391144,62337.46045548469,11893.791663638875
1724238902,1000,,Aggregated,429.000000,398.400000,260,560,690,830,1200,1500,19000,60000,61000,62000,62000,69303,34141,260.0,1499.779809532607,1.2565143406391144,62337.46045548469,11817.125983002179
1724238903,1000,,Aggregated,413.600000,383.500000,260,560,690,830,1200,1500,19000,60000,61000,62000,62000,69688,34511,260.0,1496.8108226446589,1.2565143406391144,62337.46045548469,11753.191525083228
1724238904,1000,,Aggregated,423.500000,390.300000,260,560,700,830,1200,1500,19000,60000,61000,62000,62000,70236,35003,260.0,1507.9250720907157,1.2565143406391144,62337.46045548469,11668.198744233727
1724238905,1000,,Aggregated,404.000000,371.200000,270,560,700,830,1200,1500,19000,60000,61000,62000,62000,70533,35225,270.0,1513.5279175964054,1.2565143406391144,62337.46045548469,11629.344661364185
1724238906,1000,,Aggregated,419.200000,382.700000,270,570,700,840,1200,1500,19000,60000,61000,62000,62000,71195,35863,270.0,1514.5867522351427,1.2565143406391144,62337.46045548469,11523.785167497717
1724238907,1000,,Aggregated,391.900000,353.600000,280,570,700,840,1200,1500,19000,60000,61000,62000,62000,71491,36143,280.0,1512.981542985931,1.2565143406391144,62337.46045548469,11477.193366997244
1724238908,1000,,Aggregated,423.400000,381.100000,280,570,700,840,1200,1500,19000,60000,61000,62000,62000,71964,36505,280.0,1520.198533936828,1.2565143406391144,62337.46045548469,11419.922252793063
1724238909,1000,,Aggregated,403.800000,366.400000,290,580,700,840,1200,1500,20000,60000,61000,62000,62000,72305,36808,290.0,1523.8822969025832,1.2565143406391144,62337.46045548469,11370.681750916257
1724238910,1000,,Aggregated,410.900000,371.900000,290,570,700,840,1200,1500,19000,60000,61000,62000,62000,72999,37499,290.0,1519.1570941098375,1.2565143406391144,62337.46045548469,11263.123440047124
1724238911,1000,,Aggregated,390.500000,344.100000,300,570,700,830,1200,1500,19000,60000,61000,62000,62000,73382,37859,300.0,1520.1240367345192,1.2565143406391144,62337.46045548469,11205.6383718078
1724238912,1000,,Aggregated,416.100000,372.500000,300,570,700,830,1200,1500,19000,60000,61000,62000,62000,73746,38218,300.0,1519.3019468475113,1.2565143406391144,62337.46045548469,11151.146692701977
1724238913,1000,,Aggregated,421.500000,382.600000,310,570,700,830,1200,1500,19000,60000,61000,62000,62000,74241,38664,310.0,1515.2716388401109,1.2565143406391144,62337.46045548469,11086.699950162309
1724238914,1000,,Aggregated,429.000000,392.400000,310,570,700,830,1200,1500,19000,60000,61000,62000,62000,74582,38987,310.0,1519.111993023282,1.2565143406391144,62337.46045548469,11036.842093266472
1724238915,1000,,Aggregated,415.800000,379.400000,320,570,700,830,1200,1500,18000,60000,61000,62000,62000,75232,39620,320.0,1512.4460528405875,1.2565143406391144,62337.46045548469,10942.006260633772
1724238916,1000,,Aggregated,415.800000,380.500000,320,570,700,840,1200,1500,19000,60000,61000,62000,62000,75498,39804,320.0,1527.6350219177173,1.2565143406391144,62337.46045548469,10909.949720522398
1724238918,1000,,Aggregated,421.200000,393.200000,320,580,700,840,1200,1400,19000,60000,61000,62000,62000,76014,40223,320.0,1528.7344975229014,1.2565143406391144,62337.46045548469,10850.835740784592
1724238919,1000,,Aggregated,416.700000,380.800000,330,580,700,840,1200,1400,20000,60000,61000,62000,62000,76553,40718,330.0,1534.555378458738,1.2565143406391144,62337.46045548469,10781.589839718888
1724238920,1000,,Aggregated,424.200000,384.200000,330,580,700,840,1200,1400,20000,60000,61000,62000,62000,76882,41040,330.0,1538.684916570614,1.2565143406391144,62337.46045548469,10736.612353997034
1724238921,1000,,Aggregated,420.500000,384.300000,330,580,700,840,1200,1400,20000,60000,61000,62000,62000,77378,41467,330.0,1545.0655004285634,1.2565143406391144,62337.46045548469,10677.48157098917
1724238922,1000,,Aggregated,419.600000,385.700000,340,580,700,840,1200,1400,20000,60000,61000,62000,62000,77642,41728,340.0,1543.2714576024766,1.2565143406391144,62337.46045548469,10641.433463846886
1724238923,1000,,Aggregated,406.000000,367.300000,340,580,710,850,1200,1400,20000,60000,61000,62000,62000,78192,42223,340.0,1551.2595648601562,1.2565143406391144,62337.46045548469,10570.618285758133
1724238924,1000,,Aggregated,403.900000,365.200000,340,580,710,850,1200,1400,20000,60000,61000,62000,62000,78456,42465,340.0,1552.317356107311,1.2565143406391144,62337.46045548469,10537.075137656775
1724238925,1000,,Aggregated,396.400000,356.500000,350,580,710,850,1200,1400,21000,60000,61000,62000,62000,79039,42972,350.0,1562.046125551077,1.2565143406391144,62337.46045548469,10468.755563709055
1724238926,1000,,Aggregated,400.600000,360.600000,350,580,710,850,1200,1400,21000,60000,61000,62000,62000,79291,43206,350.0,1561.788147320942,1.2565143406391144,62337.46045548469,10437.999962164684
1724238927,1000,,Aggregated,388.300000,345.400000,350,580,710,850,1200,1400,21000,60000,61000,62000,62000,79908,43784,350.0,1563.1751326683261,1.2565143406391144,62337.46045548469,10363.41168593883
1724238928,1000,,Aggregated,388.200000,342.400000,360,580,710,850,1200,1400,21000,60000,61000,62000,62000,80204,44075,360.0,1561.0252856167838,1.2565143406391144,62337.46045548469,10325.384756371253
1724238930,1000,,Aggregated,390.700000,357.400000,360,580,710,850,1200,1400,21000,60000,61000,62000,62000,80787,44619,360.0,1561.9671348180523,1.2565143406391144,62337.46045548469,10254.979080792702
1724238931,1000,,Aggregated,391.400000,361.700000,370,580,710,860,1200,1400,21000,60000,61000,62000,62000,81029,44837,370.0,1565.701850196482,1.2565143406391144,62337.46045548469,10228.380913006455
1724238932,1000,,Aggregated,389.600000,356.500000,370,580,710,860,1200,1400,21000,60000,61000,62000,62000,81580,45357,370.0,1564.5557401376711,1.2565143406391144,62337.46045548469,10161.8415052709
1724238933,1000,,Aggregated,388.100000,358.700000,370,580,710,860,1200,1400,21000,60000,61000,62000,62000,81800,45558,370.0,1564.097417197707,1.2565143406391144,62337.46045548469,10136.797872860636
1724238934,1000,,Aggregated,382.900000,353.000000,380,580,710,860,1200,1400,20000,60000,61000,62000,62000,82393,46119,380.0,1564.5956272961787,1.2565143406391144,62337.46045548469,10067.913269331133
1724238935,1000,,Aggregated,390.200000,361.800000,380,580,710,860,1200,1400,21000,60000,61000,62000,62000,82734,46453,380.0,1567.7311604552997,1.2565143406391144,62337.46045548469,10026.720912804893
1724238936,1000,,Aggregated,387.100000,359.000000,380,580,710,860,1200,1400,21000,60000,61000,62000,62000,83327,47025,380.0,1570.2677377168584,1.2565143406391144,62337.46045548469,9957.049395754077
1724238937,1000,,Aggregated,396.400000,371.200000,380,580,710,860,1200,1400,21000,60000,61000,62000,62000,83515,47154,380.0,1576.4249436267392,1.2565143406391144,62337.46045548469,9941.776159971263
1724238938,1000,,Aggregated,393.200000,372.100000,380,580,710,860,1200,1400,21000,60000,61000,62000,62000,84033,47626,380.0,1574.1465044160054,1.2565143406391144,62337.46045548469,9891.030714124214
1724238940,1000,,Aggregated,382.500000,356.200000,380,590,720,860,1200,1400,22000,60000,61000,62000,62000,84527,48060,380.0,1585.4321103985546,1.2565143406391144,62337.46045548469,9838.060690666887
1724238941,1000,,Aggregated,382.900000,355.100000,390,580,710,860,1200,1400,22000,60000,61000,62000,62000,84922,48443,390.0,1583.1606892756702,1.2565143406391144,62337.46045548469,9792.545724311722
1724238942,1000,,Aggregated,377.600000,347.600000,390,590,720,870,1200,1400,22000,60000,61000,62000,62000,85473,48970,390.0,1585.0098825142038,1.2565143406391144,62337.46045548469,9731.898938846185
1724238943,1000,,Aggregated,395.200000,365.500000,390,590,720,870,1200,1400,22000,60000,61000,62000,62000,85747,49234,390.0,1587.2406765240876,1.2565143406391144,62337.46045548469,9701.742358333237
1724238944,1000,,Aggregated,387.800000,359.100000,400,590,720,870,1200,1400,21000,60000,61000,62000,62000,86331,49799,400.0,1581.8304712440856,1.2565143406391144,62337.46045548469,9638.534802098899
1724238945,1000,,Aggregated,400.000000,371.300000,400,590,720,870,1200,1400,21000,60000,61000,62000,62000,86595,50049,400.0,1581.0312031822027,1.2565143406391144,62337.46045548469,9610.159581962007
1724238946,1000,,Aggregated,388.300000,361.000000,400,590,720,870,1200,1400,20000,60000,61000,62000,62000,87178,50620,400.0,1578.016112772714,1.2565143406391144,62337.46045548469,9547.164548395238
1724238947,1000,,Aggregated,395.300000,369.900000,410,590,720,870,1200,1400,20000,60000,61000,62000,62000,87475,50904,410.0,1577.8338354048094,1.2565143406391144,62337.46045548469,9515.543892540725
1724238948,1000,,Aggregated,383.600000,356.400000,410,590,720,870,1200,1400,20000,60000,61000,62000,62000,88091,51518,410.0,1574.1697361992817,1.2565143406391144,62337.46045548469,9449.031160958555
1724238949,1000,,Aggregated,388.700000,364.100000,410,590,720,870,1200,1400,20000,60000,61000,62000,62000,88410,51810,410.0,1578.2869779582,1.2565143406391144,62337.46045548469,9417.110620970478
1724238951,1000,,Aggregated,411.800000,395.100000,410,590,720,870,1200,1400,20000,60000,61000,62000,62000,89004,52367,410.0,1575.4481905203247,1.2565143406391144,62337.46045548469,9358.951305559302
