algorithm,scenario,service,users,column,start_time,end_time,avg_cpu_usage,avg_memory_usage,execution_time
BIRCH,scenario_A,front-end,100,carts_energy,2024-08-16 11:12:35.367192,2024-08-16 11:12:36.401198,0.0,497.85546875,0 days 00:00:01.034006
iforest,scenario_A,front-end,100,carts_energy,2024-08-16 11:12:36.699741,2024-08-16 11:12:37.822224,0.0,498.42578125,0 days 00:00:01.122483
knn,scenario_A,front-end,100,carts_energy,2024-08-16 11:12:38.181564,2024-08-16 11:12:39.331458,0.0,498.07421875,0 days 00:00:01.149894
lof,scenario_A,front-end,100,carts_energy,2024-08-16 11:12:39.684933,2024-08-16 11:12:40.770564,0.0,499.83984375,0 days 00:00:01.085631
svm,scenario_A,front-end,100,carts_energy,2024-08-16 11:12:40.978643,2024-08-16 11:12:42.415028,0.0,500.89453125,0 days 00:00:01.436385
BIRCH,scenario_A,front-end,100,carts-db_energy,2024-08-16 11:12:42.416996,2024-08-16 11:12:43.447043,0.0,500.921875,0 days 00:00:01.030047
iforest,scenario_A,front-end,100,carts-db_energy,2024-08-16 11:12:43.697629,2024-08-16 11:12:44.777792,0.0,502.7265625,0 days 00:00:01.080163
knn,scenario_A,front-end,100,carts-db_energy,2024-08-16 11:12:44.959420,2024-08-16 11:12:46.258857,0.0,501.4140625,0 days 00:00:01.299437
lof,scenario_A,front-end,100,carts-db_energy,2024-08-16 11:12:46.443753,2024-08-16 11:12:47.523980,0.0,501.6953125,0 days 00:00:01.080227
svm,scenario_A,front-end,100,carts-db_energy,2024-08-16 11:12:47.687767,2024-08-16 11:12:49.171272,0.0,501.421875,0 days 00:00:01.483505
BIRCH,scenario_A,front-end,100,catalogue_energy,2024-08-16 11:12:49.171272,2024-08-16 11:12:50.201539,0.0,501.421875,0 days 00:00:01.030267
iforest,scenario_A,front-end,100,catalogue_energy,2024-08-16 11:12:50.403887,2024-08-16 11:12:51.486911,0.0,502.47265625,0 days 00:00:01.083024
knn,scenario_A,front-end,100,catalogue_energy,2024-08-16 11:12:51.656303,2024-08-16 11:12:52.984113,0.0,501.09765625,0 days 00:00:01.327810
lof,scenario_A,front-end,100,catalogue_energy,2024-08-16 11:12:53.150617,2024-08-16 11:12:54.244870,0.0,501.37890625,0 days 00:00:01.094253
svm,scenario_A,front-end,100,catalogue_energy,2024-08-16 11:12:54.516581,2024-08-16 11:12:55.892604,0.0,501.1015625,0 days 00:00:01.376023
BIRCH,scenario_A,front-end,100,catalogue-db_energy,2024-08-16 11:12:55.894603,2024-08-16 11:12:56.931067,0.0,501.12109375,0 days 00:00:01.036464
iforest,scenario_A,front-end,100,catalogue-db_energy,2024-08-16 11:12:57.119115,2024-08-16 11:12:58.281161,0.0,502.5859375,0 days 00:00:01.162046
knn,scenario_A,front-end,100,catalogue-db_energy,2024-08-16 11:12:58.533879,2024-08-16 11:12:59.714968,0.0,501.44140625,0 days 00:00:01.181089
lof,scenario_A,front-end,100,catalogue-db_energy,2024-08-16 11:12:59.997661,2024-08-16 11:13:01.077339,0.0,501.72265625,0 days 00:00:01.079678
svm,scenario_A,front-end,100,catalogue-db_energy,2024-08-16 11:13:01.257993,2024-08-16 11:13:02.663000,0.0,501.44921875,0 days 00:00:01.405007
BIRCH,scenario_A,front-end,100,front-end_energy,2024-08-16 11:13:02.663000,2024-08-16 11:13:03.748534,1.5,501.44921875,0 days 00:00:01.085534
iforest,scenario_A,front-end,100,front-end_energy,2024-08-16 11:13:03.991008,2024-08-16 11:13:05.089955,0.0,501.9375,0 days 00:00:01.098947
knn,scenario_A,front-end,100,front-end_energy,2024-08-16 11:13:05.393556,2024-08-16 11:13:06.554930,0.0,500.52734375,0 days 00:00:01.161374
lof,scenario_A,front-end,100,front-end_energy,2024-08-16 11:13:06.814443,2024-08-16 11:13:07.889619,0.0,500.80859375,0 days 00:00:01.075176
svm,scenario_A,front-end,100,front-end_energy,2024-08-16 11:13:08.088791,2024-08-16 11:13:09.553797,0.0,500.78125,0 days 00:00:01.465006
BIRCH,scenario_A,front-end,100,orders_energy,2024-08-16 11:13:09.554797,2024-08-16 11:13:10.587905,0.0,500.78125,0 days 00:00:01.033108
iforest,scenario_A,front-end,100,orders_energy,2024-08-16 11:13:11.001074,2024-08-16 11:13:12.102968,0.0,502.796875,0 days 00:00:01.101894
knn,scenario_A,front-end,100,orders_energy,2024-08-16 11:13:12.269144,2024-08-16 11:13:13.548727,0.0,501.4140625,0 days 00:00:01.279583
lof,scenario_A,front-end,100,orders_energy,2024-08-16 11:13:13.731994,2024-08-16 11:13:14.830451,0.0,501.6953125,0 days 00:00:01.098457
svm,scenario_A,front-end,100,orders_energy,2024-08-16 11:13:15.097271,2024-08-16 11:13:16.479620,0.0,501.4453125,0 days 00:00:01.382349
BIRCH,scenario_A,front-end,100,orders-db_energy,2024-08-16 11:13:16.479620,2024-08-16 11:13:17.512645,1.5,501.4453125,0 days 00:00:01.033025
iforest,scenario_A,front-end,100,orders-db_energy,2024-08-16 11:13:17.752547,2024-08-16 11:13:18.845012,0.0,503.01953125,0 days 00:00:01.092465
knn,scenario_A,front-end,100,orders-db_energy,2024-08-16 11:13:19.034944,2024-08-16 11:13:20.192446,0.0,501.61328125,0 days 00:00:01.157502
lof,scenario_A,front-end,100,orders-db_energy,2024-08-16 11:13:20.477037,2024-08-16 11:13:21.566147,0.0,501.76953125,0 days 00:00:01.089110
svm,scenario_A,front-end,100,orders-db_energy,2024-08-16 11:13:21.757500,2024-08-16 11:13:23.173718,1.5,501.48828125,0 days 00:00:01.416218
BIRCH,scenario_A,front-end,100,payment_energy,2024-08-16 11:13:23.173718,2024-08-16 11:13:24.206172,0.0,501.48828125,0 days 00:00:01.032454
iforest,scenario_A,front-end,100,payment_energy,2024-08-16 11:13:24.425208,2024-08-16 11:13:25.509562,0.0,502.9140625,0 days 00:00:01.084354
knn,scenario_A,front-end,100,payment_energy,2024-08-16 11:13:25.687803,2024-08-16 11:13:26.869484,0.0,501.69140625,0 days 00:00:01.181681
lof,scenario_A,front-end,100,payment_energy,2024-08-16 11:13:27.185933,2024-08-16 11:13:28.270006,1.6,501.97265625,0 days 00:00:01.084073
svm,scenario_A,front-end,100,payment_energy,2024-08-16 11:13:28.436908,2024-08-16 11:13:29.900103,1.5,501.69140625,0 days 00:00:01.463195
BIRCH,scenario_A,front-end,100,queue-master_energy,2024-08-16 11:13:29.916086,2024-08-16 11:13:30.933114,0.0,501.69140625,0 days 00:00:01.017028
iforest,scenario_A,front-end,100,queue-master_energy,2024-08-16 11:13:31.152908,2024-08-16 11:13:32.264420,0.0,502.75390625,0 days 00:00:01.111512
knn,scenario_A,front-end,100,queue-master_energy,2024-08-16 11:13:32.752734,2024-08-16 11:13:33.914436,0.0,501.7578125,0 days 00:00:01.161702
lof,scenario_A,front-end,100,queue-master_energy,2024-08-16 11:13:34.202700,2024-08-16 11:13:35.274385,0.0,502.0390625,0 days 00:00:01.071685
svm,scenario_A,front-end,100,queue-master_energy,2024-08-16 11:13:35.445285,2024-08-16 11:13:36.876806,0.0,501.80078125,0 days 00:00:01.431521
BIRCH,scenario_A,front-end,100,rabbitmq_energy,2024-08-16 11:13:36.876806,2024-08-16 11:13:37.946543,0.0,501.80078125,0 days 00:00:01.069737
iforest,scenario_A,front-end,100,rabbitmq_energy,2024-08-16 11:13:38.209098,2024-08-16 11:13:39.313835,0.0,502.921875,0 days 00:00:01.104737
knn,scenario_A,front-end,100,rabbitmq_energy,2024-08-16 11:13:39.491659,2024-08-16 11:13:40.656715,0.0,501.92578125,0 days 00:00:01.165056
lof,scenario_A,front-end,100,rabbitmq_energy,2024-08-16 11:13:40.913924,2024-08-16 11:13:41.993831,0.0,502.20703125,0 days 00:00:01.079907
svm,scenario_A,front-end,100,rabbitmq_energy,2024-08-16 11:13:42.155153,2024-08-16 11:13:43.625635,0.0,501.92578125,0 days 00:00:01.470482
BIRCH,scenario_A,front-end,100,shipping_energy,2024-08-16 11:13:43.637136,2024-08-16 11:13:44.669632,0.0,501.94140625,0 days 00:00:01.032496
iforest,scenario_A,front-end,100,shipping_energy,2024-08-16 11:13:44.886588,2024-08-16 11:13:45.973920,0.0,503.01171875,0 days 00:00:01.087332
knn,scenario_A,front-end,100,shipping_energy,2024-08-16 11:13:46.133980,2024-08-16 11:13:47.451110,0.0,502.36328125,0 days 00:00:01.317130
lof,scenario_A,front-end,100,shipping_energy,2024-08-16 11:13:47.620689,2024-08-16 11:13:48.697330,0.0,502.51953125,0 days 00:00:01.076641
svm,scenario_A,front-end,100,shipping_energy,2024-08-16 11:13:48.888134,2024-08-16 11:13:50.317905,0.0,502.24609375,0 days 00:00:01.429771
BIRCH,scenario_A,front-end,100,user_energy,2024-08-16 11:13:50.317905,2024-08-16 11:13:51.347092,0.0,502.24609375,0 days 00:00:01.029187
iforest,scenario_A,front-end,100,user_energy,2024-08-16 11:13:51.563051,2024-08-16 11:13:52.661854,0.0,503.8984375,0 days 00:00:01.098803
knn,scenario_A,front-end,100,user_energy,2024-08-16 11:13:52.836887,2024-08-16 11:13:53.993717,0.0,502.4375,0 days 00:00:01.156830
lof,scenario_A,front-end,100,user_energy,2024-08-16 11:13:54.294064,2024-08-16 11:13:55.372618,0.0,502.71875,0 days 00:00:01.078554
svm,scenario_A,front-end,100,user_energy,2024-08-16 11:13:55.525958,2024-08-16 11:13:56.955871,0.0,502.45703125,0 days 00:00:01.429913
BIRCH,scenario_A,front-end,100,user-db_energy,2024-08-16 11:13:56.958133,2024-08-16 11:13:57.975457,0.0,502.45703125,0 days 00:00:01.017324
iforest,scenario_A,front-end,100,user-db_energy,2024-08-16 11:13:58.225746,2024-08-16 11:13:59.309942,0.0,503.72265625,0 days 00:00:01.084196
knn,scenario_A,front-end,100,user-db_energy,2024-08-16 11:13:59.471874,2024-08-16 11:14:00.604711,0.0,502.25,0 days 00:00:01.132837
lof,scenario_A,front-end,100,user-db_energy,2024-08-16 11:14:00.909384,2024-08-16 11:14:01.981332,0.0,502.53125,0 days 00:00:01.071948
svm,scenario_A,front-end,100,user-db_energy,2024-08-16 11:14:02.140657,2024-08-16 11:14:03.521101,0.0,502.25,0 days 00:00:01.380444
BIRCH,scenario_A,front-end,1000,carts_energy,2024-08-16 11:14:04.515018,2024-08-16 11:14:05.556653,0.0,503.72265625,0 days 00:00:01.041635
iforest,scenario_A,front-end,1000,carts_energy,2024-08-16 11:14:05.816874,2024-08-16 11:14:06.901730,0.0,505.609375,0 days 00:00:01.084856
knn,scenario_A,front-end,1000,carts_energy,2024-08-16 11:14:07.065295,2024-08-16 11:14:08.284451,0.0,505.19140625,0 days 00:00:01.219156
lof,scenario_A,front-end,1000,carts_energy,2024-08-16 11:14:08.470797,2024-08-16 11:14:09.612984,0.0,506.57421875,0 days 00:00:01.142187
svm,scenario_A,front-end,1000,carts_energy,2024-08-16 11:14:09.917421,2024-08-16 11:14:11.334399,0.0,507.6484375,0 days 00:00:01.416978
BIRCH,scenario_A,front-end,1000,carts-db_energy,2024-08-16 11:14:11.334399,2024-08-16 11:14:12.379648,0.0,507.6484375,0 days 00:00:01.045249
iforest,scenario_A,front-end,1000,carts-db_energy,2024-08-16 11:14:12.793339,2024-08-16 11:14:13.934664,0.0,507.91796875,0 days 00:00:01.141325
knn,scenario_A,front-end,1000,carts-db_energy,2024-08-16 11:14:14.259220,2024-08-16 11:14:15.508539,0.0,507.08984375,0 days 00:00:01.249319
lof,scenario_A,front-end,1000,carts-db_energy,2024-08-16 11:14:15.824529,2024-08-16 11:14:16.894330,0.0,507.24609375,0 days 00:00:01.069801
svm,scenario_A,front-end,1000,carts-db_energy,2024-08-16 11:14:17.072934,2024-08-16 11:14:18.573755,0.0,506.97265625,0 days 00:00:01.500821
BIRCH,scenario_A,front-end,1000,catalogue_energy,2024-08-16 11:14:18.576758,2024-08-16 11:14:19.603621,0.0,506.97265625,0 days 00:00:01.026863
iforest,scenario_A,front-end,1000,catalogue_energy,2024-08-16 11:14:19.803103,2024-08-16 11:14:21.012491,0.0,508.69140625,0 days 00:00:01.209388
knn,scenario_A,front-end,1000,catalogue_energy,2024-08-16 11:14:21.340351,2024-08-16 11:14:22.523197,0.0,507.25,0 days 00:00:01.182846
lof,scenario_A,front-end,1000,catalogue_energy,2024-08-16 11:14:22.830191,2024-08-16 11:14:23.951011,0.0,507.53125,0 days 00:00:01.120820
svm,scenario_A,front-end,1000,catalogue_energy,2024-08-16 11:14:24.337077,2024-08-16 11:14:25.880615,0.0,507.25,0 days 00:00:01.543538
BIRCH,scenario_A,front-end,1000,catalogue-db_energy,2024-08-16 11:14:25.880615,2024-08-16 11:14:26.928502,0.0,507.25,0 days 00:00:01.047887
iforest,scenario_A,front-end,1000,catalogue-db_energy,2024-08-16 11:14:27.320391,2024-08-16 11:14:28.416307,0.0,508.46484375,0 days 00:00:01.095916
knn,scenario_A,front-end,1000,catalogue-db_energy,2024-08-16 11:14:28.582427,2024-08-16 11:14:29.827375,0.0,507.01171875,0 days 00:00:01.244948
lof,scenario_A,front-end,1000,catalogue-db_energy,2024-08-16 11:14:30.023514,2024-08-16 11:14:31.112641,0.0,507.29296875,0 days 00:00:01.089127
svm,scenario_A,front-end,1000,catalogue-db_energy,2024-08-16 11:14:31.301371,2024-08-16 11:14:32.687690,0.0,507.078125,0 days 00:00:01.386319
BIRCH,scenario_A,front-end,1000,front-end_energy,2024-08-16 11:14:32.709399,2024-08-16 11:14:33.742828,0.0,507.078125,0 days 00:00:01.033429
iforest,scenario_A,front-end,1000,front-end_energy,2024-08-16 11:14:33.964628,2024-08-16 11:14:35.052525,0.0,508.16796875,0 days 00:00:01.087897
knn,scenario_A,front-end,1000,front-end_energy,2024-08-16 11:14:35.257522,2024-08-16 11:14:36.423270,0.0,507.2109375,0 days 00:00:01.165748
lof,scenario_A,front-end,1000,front-end_energy,2024-08-16 11:14:36.753063,2024-08-16 11:14:37.828039,0.0,507.4921875,0 days 00:00:01.074976
svm,scenario_A,front-end,1000,front-end_energy,2024-08-16 11:14:38.007244,2024-08-16 11:14:39.452037,0.0,507.22265625,0 days 00:00:01.444793
BIRCH,scenario_A,front-end,1000,orders_energy,2024-08-16 11:14:39.452037,2024-08-16 11:14:40.486647,0.0,507.22265625,0 days 00:00:01.034610
iforest,scenario_A,front-end,1000,orders_energy,2024-08-16 11:14:40.669666,2024-08-16 11:14:41.781525,0.0,508.84765625,0 days 00:00:01.111859
knn,scenario_A,front-end,1000,orders_energy,2024-08-16 11:14:42.093794,2024-08-16 11:14:43.286428,0.0,507.3515625,0 days 00:00:01.192634
lof,scenario_A,front-end,1000,orders_energy,2024-08-16 11:14:43.536215,2024-08-16 11:14:44.634248,0.0,507.6328125,0 days 00:00:01.098033
svm,scenario_A,front-end,1000,orders_energy,2024-08-16 11:14:44.879924,2024-08-16 11:14:46.345707,0.0,507.3515625,0 days 00:00:01.465783
BIRCH,scenario_A,front-end,1000,orders-db_energy,2024-08-16 11:14:46.345707,2024-08-16 11:14:47.378270,0.0,507.3515625,0 days 00:00:01.032563
iforest,scenario_A,front-end,1000,orders-db_energy,2024-08-16 11:14:47.675242,2024-08-16 11:14:48.794126,0.0,508.59765625,0 days 00:00:01.118884
knn,scenario_A,front-end,1000,orders-db_energy,2024-08-16 11:14:48.985234,2024-08-16 11:14:50.211565,0.0,507.21875,0 days 00:00:01.226331
lof,scenario_A,front-end,1000,orders-db_energy,2024-08-16 11:14:50.692619,2024-08-16 11:14:51.900198,0.0,507.5,0 days 00:00:01.207579
svm,scenario_A,front-end,1000,orders-db_energy,2024-08-16 11:14:52.290313,2024-08-16 11:14:53.894043,1.5,507.23046875,0 days 00:00:01.603730
BIRCH,scenario_A,front-end,1000,payment_energy,2024-08-16 11:14:53.894043,2024-08-16 11:14:54.926602,0.0,507.23046875,0 days 00:00:01.032559
iforest,scenario_A,front-end,1000,payment_energy,2024-08-16 11:14:55.117631,2024-08-16 11:14:56.258207,0.0,508.34375,0 days 00:00:01.140576
knn,scenario_A,front-end,1000,payment_energy,2024-08-16 11:14:56.456419,2024-08-16 11:14:57.664037,0.0,506.98828125,0 days 00:00:01.207618
lof,scenario_A,front-end,1000,payment_energy,2024-08-16 11:14:57.837626,2024-08-16 11:14:58.910084,0.0,507.26953125,0 days 00:00:01.072458
svm,scenario_A,front-end,1000,payment_energy,2024-08-16 11:14:59.199507,2024-08-16 11:15:00.660378,0.0,506.98828125,0 days 00:00:01.460871
BIRCH,scenario_A,front-end,1000,queue-master_energy,2024-08-16 11:15:00.660378,2024-08-16 11:15:01.726666,0.0,506.98828125,0 days 00:00:01.066288
iforest,scenario_A,front-end,1000,queue-master_energy,2024-08-16 11:15:01.986388,2024-08-16 11:15:03.096868,0.0,508.43359375,0 days 00:00:01.110480
knn,scenario_A,front-end,1000,queue-master_energy,2024-08-16 11:15:03.319340,2024-08-16 11:15:04.496294,0.0,507.43359375,0 days 00:00:01.176954
lof,scenario_A,front-end,1000,queue-master_energy,2024-08-16 11:15:04.688903,2024-08-16 11:15:05.759427,0.0,507.71484375,0 days 00:00:01.070524
svm,scenario_A,front-end,1000,queue-master_energy,2024-08-16 11:15:06.049081,2024-08-16 11:15:07.412071,0.0,507.51953125,0 days 00:00:01.362990
BIRCH,scenario_A,front-end,1000,rabbitmq_energy,2024-08-16 11:15:07.414078,2024-08-16 11:15:08.440900,0.0,507.51953125,0 days 00:00:01.026822
iforest,scenario_A,front-end,1000,rabbitmq_energy,2024-08-16 11:15:08.658323,2024-08-16 11:15:09.762993,0.0,508.8828125,0 days 00:00:01.104670
knn,scenario_A,front-end,1000,rabbitmq_energy,2024-08-16 11:15:09.956418,2024-08-16 11:15:11.316329,0.0,507.37890625,0 days 00:00:01.359911
lof,scenario_A,front-end,1000,rabbitmq_energy,2024-08-16 11:15:11.768251,2024-08-16 11:15:12.870706,0.0,507.66015625,0 days 00:00:01.102455
svm,scenario_A,front-end,1000,rabbitmq_energy,2024-08-16 11:15:13.086878,2024-08-16 11:15:14.596428,0.0,507.37890625,0 days 00:00:01.509550
BIRCH,scenario_A,front-end,1000,shipping_energy,2024-08-16 11:15:14.599868,2024-08-16 11:15:15.622670,0.0,507.37890625,0 days 00:00:01.022802
iforest,scenario_A,front-end,1000,shipping_energy,2024-08-16 11:15:15.820445,2024-08-16 11:15:17.008111,1.5,508.296875,0 days 00:00:01.187666
knn,scenario_A,front-end,1000,shipping_energy,2024-08-16 11:15:17.220969,2024-08-16 11:15:18.401528,1.6,507.2734375,0 days 00:00:01.180559
lof,scenario_A,front-end,1000,shipping_energy,2024-08-16 11:15:18.764903,2024-08-16 11:15:19.840485,1.6,507.55859375,0 days 00:00:01.075582
svm,scenario_A,front-end,1000,shipping_energy,2024-08-16 11:15:20.022026,2024-08-16 11:15:21.533068,0.0,507.28125,0 days 00:00:01.511042
BIRCH,scenario_A,front-end,1000,user_energy,2024-08-16 11:15:21.533068,2024-08-16 11:15:22.565000,0.0,507.28125,0 days 00:00:01.031932
iforest,scenario_A,front-end,1000,user_energy,2024-08-16 11:15:22.780877,2024-08-16 11:15:23.873747,0.0,508.546875,0 days 00:00:01.092870
knn,scenario_A,front-end,1000,user_energy,2024-08-16 11:15:24.063129,2024-08-16 11:15:25.393721,0.0,507.4296875,0 days 00:00:01.330592
lof,scenario_A,front-end,1000,user_energy,2024-08-16 11:15:25.579981,2024-08-16 11:15:26.658498,0.0,507.5859375,0 days 00:00:01.078517
svm,scenario_A,front-end,1000,user_energy,2024-08-16 11:15:27.024393,2024-08-16 11:15:28.461701,0.0,507.3046875,0 days 00:00:01.437308
BIRCH,scenario_A,front-end,1000,user-db_energy,2024-08-16 11:15:28.473075,2024-08-16 11:15:29.507146,0.0,507.3046875,0 days 00:00:01.034071
iforest,scenario_A,front-end,1000,user-db_energy,2024-08-16 11:15:29.817286,2024-08-16 11:15:30.926382,0.0,508.36328125,0 days 00:00:01.109096
knn,scenario_A,front-end,1000,user-db_energy,2024-08-16 11:15:31.094947,2024-08-16 11:15:32.321845,0.0,507.26953125,0 days 00:00:01.226898
lof,scenario_A,front-end,1000,user-db_energy,2024-08-16 11:15:32.483085,2024-08-16 11:15:33.564565,0.0,507.55078125,0 days 00:00:01.081480
svm,scenario_A,front-end,1000,user-db_energy,2024-08-16 11:15:33.763243,2024-08-16 11:15:35.218742,0.0,507.26953125,0 days 00:00:01.455499
BIRCH,scenario_A,orders,100,carts_energy,2024-08-16 11:15:35.913121,2024-08-16 11:15:36.955316,1.5,504.19140625,0 days 00:00:01.042195
iforest,scenario_A,orders,100,carts_energy,2024-08-16 11:15:37.189190,2024-08-16 11:15:38.379491,0.0,505.47265625,0 days 00:00:01.190301
knn,scenario_A,orders,100,carts_energy,2024-08-16 11:15:38.664809,2024-08-16 11:15:39.826596,0.0,504.96875,0 days 00:00:01.161787
lof,scenario_A,orders,100,carts_energy,2024-08-16 11:15:39.977732,2024-08-16 11:15:41.041870,0.0,506.3671875,0 days 00:00:01.064138
svm,scenario_A,orders,100,carts_energy,2024-08-16 11:15:41.190776,2024-08-16 11:15:42.588268,0.0,507.4453125,0 days 00:00:01.397492
BIRCH,scenario_A,orders,100,carts-db_energy,2024-08-16 11:15:42.588268,2024-08-16 11:15:43.609419,0.0,507.4453125,0 days 00:00:01.021151
iforest,scenario_A,orders,100,carts-db_energy,2024-08-16 11:15:43.795357,2024-08-16 11:15:44.873066,0.0,508.69921875,0 days 00:00:01.077709
knn,scenario_A,orders,100,carts-db_energy,2024-08-16 11:15:45.175819,2024-08-16 11:15:46.342082,1.6,507.5234375,0 days 00:00:01.166263
lof,scenario_A,orders,100,carts-db_energy,2024-08-16 11:15:46.655617,2024-08-16 11:15:47.738113,0.0,507.8046875,0 days 00:00:01.082496
svm,scenario_A,orders,100,carts-db_energy,2024-08-16 11:15:47.891289,2024-08-16 11:15:49.335938,0.0,507.53125,0 days 00:00:01.444649
BIRCH,scenario_A,orders,100,catalogue_energy,2024-08-16 11:15:49.338798,2024-08-16 11:15:50.369385,0.0,507.53125,0 days 00:00:01.030587
iforest,scenario_A,orders,100,catalogue_energy,2024-08-16 11:15:50.602350,2024-08-16 11:15:51.700816,0.0,508.75390625,0 days 00:00:01.098466
knn,scenario_A,orders,100,catalogue_energy,2024-08-16 11:15:51.873654,2024-08-16 11:15:53.183674,1.6,507.3671875,0 days 00:00:01.310020
lof,scenario_A,orders,100,catalogue_energy,2024-08-16 11:15:53.365805,2024-08-16 11:15:54.452897,0.0,507.6484375,0 days 00:00:01.087092
svm,scenario_A,orders,100,catalogue_energy,2024-08-16 11:15:54.716209,2024-08-16 11:15:56.057997,0.0,507.3671875,0 days 00:00:01.341788
BIRCH,scenario_A,orders,100,catalogue-db_energy,2024-08-16 11:15:56.060729,2024-08-16 11:15:57.099504,0.0,507.3671875,0 days 00:00:01.038775
iforest,scenario_A,orders,100,catalogue-db_energy,2024-08-16 11:15:57.332636,2024-08-16 11:15:58.429132,0.0,509.11328125,0 days 00:00:01.096496
knn,scenario_A,orders,100,catalogue-db_energy,2024-08-16 11:15:58.629669,2024-08-16 11:16:00.002051,0.0,507.92578125,0 days 00:00:01.372382
lof,scenario_A,orders,100,catalogue-db_energy,2024-08-16 11:16:00.328764,2024-08-16 11:16:01.411036,0.0,508.20703125,0 days 00:00:01.082272
svm,scenario_A,orders,100,catalogue-db_energy,2024-08-16 11:16:01.696840,2024-08-16 11:16:03.340360,0.0,507.9296875,0 days 00:00:01.643520
BIRCH,scenario_A,orders,100,front-end_energy,2024-08-16 11:16:03.340360,2024-08-16 11:16:04.371755,0.0,507.9296875,0 days 00:00:01.031395
iforest,scenario_A,orders,100,front-end_energy,2024-08-16 11:16:04.608441,2024-08-16 11:16:05.703751,0.0,509.08203125,0 days 00:00:01.095310
knn,scenario_A,orders,100,front-end_energy,2024-08-16 11:16:05.854325,2024-08-16 11:16:07.111254,0.0,507.734375,0 days 00:00:01.256929
lof,scenario_A,orders,100,front-end_energy,2024-08-16 11:16:07.319591,2024-08-16 11:16:08.390069,0.0,508.01953125,0 days 00:00:01.070478
svm,scenario_A,orders,100,front-end_energy,2024-08-16 11:16:08.703633,2024-08-16 11:16:10.033998,0.0,507.80859375,0 days 00:00:01.330365
BIRCH,scenario_A,orders,100,orders_energy,2024-08-16 11:16:10.033998,2024-08-16 11:16:11.081725,0.0,507.80859375,0 days 00:00:01.047727
iforest,scenario_A,orders,100,orders_energy,2024-08-16 11:16:11.428109,2024-08-16 11:16:12.499426,0.0,509.0,0 days 00:00:01.071317
knn,scenario_A,orders,100,orders_energy,2024-08-16 11:16:12.699082,2024-08-16 11:16:13.844444,1.5,507.55078125,0 days 00:00:01.145362
lof,scenario_A,orders,100,orders_energy,2024-08-16 11:16:14.032521,2024-08-16 11:16:15.116182,0.0,507.8359375,0 days 00:00:01.083661
svm,scenario_A,orders,100,orders_energy,2024-08-16 11:16:15.499296,2024-08-16 11:16:16.861042,0.0,507.703125,0 days 00:00:01.361746
BIRCH,scenario_A,orders,100,orders-db_energy,2024-08-16 11:16:16.865022,2024-08-16 11:16:17.910767,0.0,507.703125,0 days 00:00:01.045745
iforest,scenario_A,orders,100,orders-db_energy,2024-08-16 11:16:18.446162,2024-08-16 11:16:19.528030,0.0,509.01171875,0 days 00:00:01.081868
knn,scenario_A,orders,100,orders-db_energy,2024-08-16 11:16:19.695548,2024-08-16 11:16:21.060024,0.0,507.55078125,0 days 00:00:01.364476
lof,scenario_A,orders,100,orders-db_energy,2024-08-16 11:16:21.351246,2024-08-16 11:16:22.425095,0.0,507.70703125,0 days 00:00:01.073849
svm,scenario_A,orders,100,orders-db_energy,2024-08-16 11:16:22.738926,2024-08-16 11:16:24.038285,0.0,507.42578125,0 days 00:00:01.299359
BIRCH,scenario_A,orders,100,payment_energy,2024-08-16 11:16:24.038285,2024-08-16 11:16:25.122316,0.0,507.42578125,0 days 00:00:01.084031
iforest,scenario_A,orders,100,payment_energy,2024-08-16 11:16:25.502733,2024-08-16 11:16:26.618909,0.0,508.78515625,0 days 00:00:01.116176
knn,scenario_A,orders,100,payment_energy,2024-08-16 11:16:26.772692,2024-08-16 11:16:28.018563,1.6,507.5625,0 days 00:00:01.245871
lof,scenario_A,orders,100,payment_energy,2024-08-16 11:16:28.257561,2024-08-16 11:16:29.340198,1.5,507.87109375,0 days 00:00:01.082637
svm,scenario_A,orders,100,payment_energy,2024-08-16 11:16:29.468763,2024-08-16 11:16:30.790310,0.0,507.58984375,0 days 00:00:01.321547
BIRCH,scenario_A,orders,100,queue-master_energy,2024-08-16 11:16:30.805957,2024-08-16 11:16:31.866049,0.0,507.58984375,0 days 00:00:01.060092
iforest,scenario_A,orders,100,queue-master_energy,2024-08-16 11:16:32.217189,2024-08-16 11:16:33.328557,0.0,508.41015625,0 days 00:00:01.111368
knn,scenario_A,orders,100,queue-master_energy,2024-08-16 11:16:33.514784,2024-08-16 11:16:34.903953,1.6,507.5390625,0 days 00:00:01.389169
lof,scenario_A,orders,100,queue-master_energy,2024-08-16 11:16:35.118068,2024-08-16 11:16:36.253852,0.0,507.75,0 days 00:00:01.135784
svm,scenario_A,orders,100,queue-master_energy,2024-08-16 11:16:36.636671,2024-08-16 11:16:38.084143,0.0,507.46875,0 days 00:00:01.447472
BIRCH,scenario_A,orders,100,rabbitmq_energy,2024-08-16 11:16:38.084143,2024-08-16 11:16:39.119843,0.0,507.46875,0 days 00:00:01.035700
iforest,scenario_A,orders,100,rabbitmq_energy,2024-08-16 11:16:39.315989,2024-08-16 11:16:40.425764,0.0,508.90234375,0 days 00:00:01.109775
knn,scenario_A,orders,100,rabbitmq_energy,2024-08-16 11:16:40.742922,2024-08-16 11:16:41.887479,0.0,507.328125,0 days 00:00:01.144557
lof,scenario_A,orders,100,rabbitmq_energy,2024-08-16 11:16:42.187118,2024-08-16 11:16:43.297444,0.0,507.625,0 days 00:00:01.110326
svm,scenario_A,orders,100,rabbitmq_energy,2024-08-16 11:16:43.600523,2024-08-16 11:16:45.004525,1.6,507.4453125,0 days 00:00:01.404002
BIRCH,scenario_A,orders,100,shipping_energy,2024-08-16 11:16:45.020149,2024-08-16 11:16:46.060164,0.0,507.44921875,0 days 00:00:01.040015
iforest,scenario_A,orders,100,shipping_energy,2024-08-16 11:16:46.264454,2024-08-16 11:16:47.534207,0.0,507.75390625,0 days 00:00:01.269753
knn,scenario_A,orders,100,shipping_energy,2024-08-16 11:16:47.906663,2024-08-16 11:16:49.110939,0.0,506.7578125,0 days 00:00:01.204276
lof,scenario_A,orders,100,shipping_energy,2024-08-16 11:16:49.401956,2024-08-16 11:16:50.470785,0.0,506.91796875,0 days 00:00:01.068829
svm,scenario_A,orders,100,shipping_energy,2024-08-16 11:16:50.614580,2024-08-16 11:16:52.026157,0.0,506.63671875,0 days 00:00:01.411577
BIRCH,scenario_A,orders,100,user_energy,2024-08-16 11:16:52.042330,2024-08-16 11:16:53.060355,0.0,506.66796875,0 days 00:00:01.018025
iforest,scenario_A,orders,100,user_energy,2024-08-16 11:16:53.226361,2024-08-16 11:16:54.369526,0.0,508.46484375,0 days 00:00:01.143165
knn,scenario_A,orders,100,user_energy,2024-08-16 11:16:54.693107,2024-08-16 11:16:55.900985,0.0,507.05859375,0 days 00:00:01.207878
lof,scenario_A,orders,100,user_energy,2024-08-16 11:16:56.195094,2024-08-16 11:16:57.285208,0.0,507.33984375,0 days 00:00:01.090114
svm,scenario_A,orders,100,user_energy,2024-08-16 11:16:57.441262,2024-08-16 11:16:58.905358,0.0,507.37109375,0 days 00:00:01.464096
BIRCH,scenario_A,orders,100,user-db_energy,2024-08-16 11:16:58.905358,2024-08-16 11:16:59.962048,0.0,507.37109375,0 days 00:00:01.056690
iforest,scenario_A,orders,100,user-db_energy,2024-08-16 11:17:00.352462,2024-08-16 11:17:01.462142,0.0,508.59765625,0 days 00:00:01.109680
knn,scenario_A,orders,100,user-db_energy,2024-08-16 11:17:01.622054,2024-08-16 11:17:02.771432,0.0,507.1484375,0 days 00:00:01.149378
lof,scenario_A,orders,100,user-db_energy,2024-08-16 11:17:02.952419,2024-08-16 11:17:04.036409,0.0,507.4296875,0 days 00:00:01.083990
svm,scenario_A,orders,100,user-db_energy,2024-08-16 11:17:04.419725,2024-08-16 11:17:05.997381,0.0,507.1484375,0 days 00:00:01.577656
BIRCH,scenario_A,orders,1000,carts_energy,2024-08-16 11:17:07.417151,2024-08-16 11:17:08.450251,0.0,504.6328125,0 days 00:00:01.033100
iforest,scenario_A,orders,1000,carts_energy,2024-08-16 11:17:08.714476,2024-08-16 11:17:09.811662,0.0,505.671875,0 days 00:00:01.097186
knn,scenario_A,orders,1000,carts_energy,2024-08-16 11:17:09.998081,2024-08-16 11:17:11.379172,0.0,505.140625,0 days 00:00:01.381091
lof,scenario_A,orders,1000,carts_energy,2024-08-16 11:17:11.592346,2024-08-16 11:17:12.675194,0.0,506.5390625,0 days 00:00:01.082848
svm,scenario_A,orders,1000,carts_energy,2024-08-16 11:17:12.827986,2024-08-16 11:17:14.408728,0.0,507.5859375,0 days 00:00:01.580742
BIRCH,scenario_A,orders,1000,carts-db_energy,2024-08-16 11:17:14.408728,2024-08-16 11:17:15.440380,0.0,507.5859375,0 days 00:00:01.031652
iforest,scenario_A,orders,1000,carts-db_energy,2024-08-16 11:17:15.691226,2024-08-16 11:17:16.807767,0.0,508.7265625,0 days 00:00:01.116541
knn,scenario_A,orders,1000,carts-db_energy,2024-08-16 11:17:16.987888,2024-08-16 11:17:18.370048,0.0,507.78515625,0 days 00:00:01.382160
lof,scenario_A,orders,1000,carts-db_energy,2024-08-16 11:17:18.685994,2024-08-16 11:17:19.787943,0.0,508.06640625,0 days 00:00:01.101949
svm,scenario_A,orders,1000,carts-db_energy,2024-08-16 11:17:19.990139,2024-08-16 11:17:21.665145,0.0,507.7890625,0 days 00:00:01.675006
BIRCH,scenario_A,orders,1000,catalogue_energy,2024-08-16 11:17:21.669401,2024-08-16 11:17:22.699727,0.0,507.7890625,0 days 00:00:01.030326
iforest,scenario_A,orders,1000,catalogue_energy,2024-08-16 11:17:23.024264,2024-08-16 11:17:24.137327,0.0,509.16015625,0 days 00:00:01.113063
knn,scenario_A,orders,1000,catalogue_energy,2024-08-16 11:17:24.504609,2024-08-16 11:17:25.719431,0.0,507.796875,0 days 00:00:01.214822
lof,scenario_A,orders,1000,catalogue_energy,2024-08-16 11:17:26.103514,2024-08-16 11:17:27.235319,0.0,508.078125,0 days 00:00:01.131805
svm,scenario_A,orders,1000,catalogue_energy,2024-08-16 11:17:27.714463,2024-08-16 11:17:29.263127,0.0,507.796875,0 days 00:00:01.548664
BIRCH,scenario_A,orders,1000,catalogue-db_energy,2024-08-16 11:17:29.268131,2024-08-16 11:17:30.311192,0.0,507.8046875,0 days 00:00:01.043061
iforest,scenario_A,orders,1000,catalogue-db_energy,2024-08-16 11:17:30.514038,2024-08-16 11:17:31.627813,0.0,509.2109375,0 days 00:00:01.113775
knn,scenario_A,orders,1000,catalogue-db_energy,2024-08-16 11:17:31.825605,2024-08-16 11:17:33.249302,1.6,508.01171875,0 days 00:00:01.423697
lof,scenario_A,orders,1000,catalogue-db_energy,2024-08-16 11:17:33.507325,2024-08-16 11:17:34.583561,0.0,508.29296875,0 days 00:00:01.076236
svm,scenario_A,orders,1000,catalogue-db_energy,2024-08-16 11:17:34.738496,2024-08-16 11:17:36.053832,0.0,508.01171875,0 days 00:00:01.315336
BIRCH,scenario_A,orders,1000,front-end_energy,2024-08-16 11:17:36.069406,2024-08-16 11:17:37.189619,0.0,508.01171875,0 days 00:00:01.120213
iforest,scenario_A,orders,1000,front-end_energy,2024-08-16 11:17:37.521329,2024-08-16 11:17:38.642254,0.0,509.06640625,0 days 00:00:01.120925
knn,scenario_A,orders,1000,front-end_energy,2024-08-16 11:17:38.833067,2024-08-16 11:17:39.984619,0.0,507.8671875,0 days 00:00:01.151552
lof,scenario_A,orders,1000,front-end_energy,2024-08-16 11:17:40.135540,2024-08-16 11:17:41.217815,0.0,508.1484375,0 days 00:00:01.082275
svm,scenario_A,orders,1000,front-end_energy,2024-08-16 11:17:41.534908,2024-08-16 11:17:42.851193,1.6,507.8671875,0 days 00:00:01.316285
BIRCH,scenario_A,orders,1000,orders_energy,2024-08-16 11:17:42.852885,2024-08-16 11:17:43.877305,0.0,507.8671875,0 days 00:00:01.024420
iforest,scenario_A,orders,1000,orders_energy,2024-08-16 11:17:44.079369,2024-08-16 11:17:45.159832,0.0,508.99609375,0 days 00:00:01.080463
knn,scenario_A,orders,1000,orders_energy,2024-08-16 11:17:45.334995,2024-08-16 11:17:46.541522,0.0,507.65625,0 days 00:00:01.206527
lof,scenario_A,orders,1000,orders_energy,2024-08-16 11:17:46.795137,2024-08-16 11:17:47.879946,0.0,507.9375,0 days 00:00:01.084809
svm,scenario_A,orders,1000,orders_energy,2024-08-16 11:17:48.025622,2024-08-16 11:17:49.575557,0.0,507.65625,0 days 00:00:01.549935
BIRCH,scenario_A,orders,1000,orders-db_energy,2024-08-16 11:17:49.575557,2024-08-16 11:17:50.749428,0.0,507.65625,0 days 00:00:01.173871
iforest,scenario_A,orders,1000,orders-db_energy,2024-08-16 11:17:51.173111,2024-08-16 11:17:52.287841,0.0,509.06640625,0 days 00:00:01.114730
knn,scenario_A,orders,1000,orders-db_energy,2024-08-16 11:17:52.502610,2024-08-16 11:17:53.733560,0.0,507.76953125,0 days 00:00:01.230950
lof,scenario_A,orders,1000,orders-db_energy,2024-08-16 11:17:54.132592,2024-08-16 11:17:55.212972,0.0,508.05078125,0 days 00:00:01.080380
svm,scenario_A,orders,1000,orders-db_energy,2024-08-16 11:17:55.421785,2024-08-16 11:17:56.742616,0.0,507.76953125,0 days 00:00:01.320831
BIRCH,scenario_A,orders,1000,payment_energy,2024-08-16 11:17:56.760098,2024-08-16 11:17:57.785220,0.0,507.76953125,0 days 00:00:01.025122
iforest,scenario_A,orders,1000,payment_energy,2024-08-16 11:17:57.951030,2024-08-16 11:17:59.040298,0.0,508.9453125,0 days 00:00:01.089268
knn,scenario_A,orders,1000,payment_energy,2024-08-16 11:17:59.184726,2024-08-16 11:18:00.406570,0.0,507.58984375,0 days 00:00:01.221844
lof,scenario_A,orders,1000,payment_energy,2024-08-16 11:18:00.557986,2024-08-16 11:18:01.632840,0.0,507.87109375,0 days 00:00:01.074854
svm,scenario_A,orders,1000,payment_energy,2024-08-16 11:18:01.881944,2024-08-16 11:18:03.167674,0.0,507.71484375,0 days 00:00:01.285730
BIRCH,scenario_A,orders,1000,queue-master_energy,2024-08-16 11:18:03.167674,2024-08-16 11:18:04.236211,1.5,507.71484375,0 days 00:00:01.068537
iforest,scenario_A,orders,1000,queue-master_energy,2024-08-16 11:18:04.449997,2024-08-16 11:18:05.532794,0.0,508.984375,0 days 00:00:01.082797
knn,scenario_A,orders,1000,queue-master_energy,2024-08-16 11:18:05.681376,2024-08-16 11:18:06.909135,0.0,507.98828125,0 days 00:00:01.227759
lof,scenario_A,orders,1000,queue-master_energy,2024-08-16 11:18:07.246161,2024-08-16 11:18:08.359873,0.0,508.26953125,0 days 00:00:01.113712
svm,scenario_A,orders,1000,queue-master_energy,2024-08-16 11:18:08.544595,2024-08-16 11:18:09.937396,0.0,507.98828125,0 days 00:00:01.392801
BIRCH,scenario_A,orders,1000,rabbitmq_energy,2024-08-16 11:18:09.938507,2024-08-16 11:18:10.962720,0.0,507.98828125,0 days 00:00:01.024213
iforest,scenario_A,orders,1000,rabbitmq_energy,2024-08-16 11:18:11.159221,2024-08-16 11:18:12.472281,0.0,509.43359375,0 days 00:00:01.313060
knn,scenario_A,orders,1000,rabbitmq_energy,2024-08-16 11:18:12.724831,2024-08-16 11:18:13.951320,0.0,508.078125,0 days 00:00:01.226489
lof,scenario_A,orders,1000,rabbitmq_energy,2024-08-16 11:18:14.321226,2024-08-16 11:18:15.398987,1.6,508.359375,0 days 00:00:01.077761
svm,scenario_A,orders,1000,rabbitmq_energy,2024-08-16 11:18:15.580705,2024-08-16 11:18:17.147249,0.0,508.09765625,0 days 00:00:01.566544
BIRCH,scenario_A,orders,1000,shipping_energy,2024-08-16 11:18:17.147249,2024-08-16 11:18:18.183007,0.0,508.09765625,0 days 00:00:01.035758
iforest,scenario_A,orders,1000,shipping_energy,2024-08-16 11:18:18.364993,2024-08-16 11:18:19.533410,0.0,509.046875,0 days 00:00:01.168417
knn,scenario_A,orders,1000,shipping_energy,2024-08-16 11:18:19.912693,2024-08-16 11:18:21.059588,0.0,508.046875,0 days 00:00:01.146895
lof,scenario_A,orders,1000,shipping_energy,2024-08-16 11:18:21.398823,2024-08-16 11:18:22.473558,0.0,508.328125,0 days 00:00:01.074735
svm,scenario_A,orders,1000,shipping_energy,2024-08-16 11:18:22.609440,2024-08-16 11:18:23.939443,0.0,508.046875,0 days 00:00:01.330003
BIRCH,scenario_A,orders,1000,user_energy,2024-08-16 11:18:23.939443,2024-08-16 11:18:24.973723,0.0,508.046875,0 days 00:00:01.034280
iforest,scenario_A,orders,1000,user_energy,2024-08-16 11:18:25.172975,2024-08-16 11:18:26.375981,0.0,509.09375,0 days 00:00:01.203006
knn,scenario_A,orders,1000,user_energy,2024-08-16 11:18:26.571109,2024-08-16 11:18:27.767554,1.5,508.21875,0 days 00:00:01.196445
lof,scenario_A,orders,1000,user_energy,2024-08-16 11:18:27.904183,2024-08-16 11:18:28.989278,0.0,508.39453125,0 days 00:00:01.085095
svm,scenario_A,orders,1000,user_energy,2024-08-16 11:18:29.269994,2024-08-16 11:18:30.701285,0.0,508.1171875,0 days 00:00:01.431291
BIRCH,scenario_A,orders,1000,user-db_energy,2024-08-16 11:18:30.705193,2024-08-16 11:18:31.738579,0.0,508.12109375,0 days 00:00:01.033386
iforest,scenario_A,orders,1000,user-db_energy,2024-08-16 11:18:32.214468,2024-08-16 11:18:33.320398,1.5,509.15234375,0 days 00:00:01.105930
knn,scenario_A,orders,1000,user-db_energy,2024-08-16 11:18:33.466138,2024-08-16 11:18:34.633625,0.0,508.0,0 days 00:00:01.167487
lof,scenario_A,orders,1000,user-db_energy,2024-08-16 11:18:34.782974,2024-08-16 11:18:35.881508,3.1,508.28125,0 days 00:00:01.098534
svm,scenario_A,orders,1000,user-db_energy,2024-08-16 11:18:36.046273,2024-08-16 11:18:37.495720,0.0,508.046875,0 days 00:00:01.449447
BIRCH,scenario_B,front-end,100,carts_energy,2024-08-16 11:18:38.199449,2024-08-16 11:18:39.225586,0.0,504.328125,0 days 00:00:01.026137
iforest,scenario_B,front-end,100,carts_energy,2024-08-16 11:18:39.591917,2024-08-16 11:18:40.712870,0.0,505.49609375,0 days 00:00:01.120953
knn,scenario_B,front-end,100,carts_energy,2024-08-16 11:18:40.909497,2024-08-16 11:18:42.225832,0.0,505.046875,0 days 00:00:01.316335
lof,scenario_B,front-end,100,carts_energy,2024-08-16 11:18:42.426149,2024-08-16 11:18:43.515197,0.0,506.4453125,0 days 00:00:01.089048
svm,scenario_B,front-end,100,carts_energy,2024-08-16 11:18:43.677579,2024-08-16 11:18:45.276787,0.0,507.57421875,0 days 00:00:01.599208
BIRCH,scenario_B,front-end,100,carts-db_energy,2024-08-16 11:18:45.278794,2024-08-16 11:18:46.334759,1.6,507.57421875,0 days 00:00:01.055965
iforest,scenario_B,front-end,100,carts-db_energy,2024-08-16 11:18:46.621395,2024-08-16 11:18:47.720040,0.0,509.109375,0 days 00:00:01.098645
knn,scenario_B,front-end,100,carts-db_energy,2024-08-16 11:18:48.008520,2024-08-16 11:18:49.172169,0.0,507.6328125,0 days 00:00:01.163649
lof,scenario_B,front-end,100,carts-db_energy,2024-08-16 11:18:49.520576,2024-08-16 11:18:50.604336,0.0,507.9140625,0 days 00:00:01.083760
svm,scenario_B,front-end,100,carts-db_energy,2024-08-16 11:18:50.788110,2024-08-16 11:18:52.288955,0.0,507.6328125,0 days 00:00:01.500845
BIRCH,scenario_B,front-end,100,catalogue_energy,2024-08-16 11:18:52.291957,2024-08-16 11:18:53.319629,0.0,507.6328125,0 days 00:00:01.027672
iforest,scenario_B,front-end,100,catalogue_energy,2024-08-16 11:18:53.599029,2024-08-16 11:18:54.717745,0.0,508.76171875,0 days 00:00:01.118716
knn,scenario_B,front-end,100,catalogue_energy,2024-08-16 11:18:55.040717,2024-08-16 11:18:56.214819,0.0,507.5234375,0 days 00:00:01.174102
lof,scenario_B,front-end,100,catalogue_energy,2024-08-16 11:18:56.598493,2024-08-16 11:18:57.672901,0.0,507.8046875,0 days 00:00:01.074408
svm,scenario_B,front-end,100,catalogue_energy,2024-08-16 11:18:57.944661,2024-08-16 11:18:59.244974,0.0,507.5234375,0 days 00:00:01.300313
BIRCH,scenario_B,front-end,100,catalogue-db_energy,2024-08-16 11:18:59.244974,2024-08-16 11:19:00.360953,0.0,507.5234375,0 days 00:00:01.115979
iforest,scenario_B,front-end,100,catalogue-db_energy,2024-08-16 11:19:00.634031,2024-08-16 11:19:01.727311,0.0,509.2265625,0 days 00:00:01.093280
knn,scenario_B,front-end,100,catalogue-db_energy,2024-08-16 11:19:01.889042,2024-08-16 11:19:03.156658,0.0,507.578125,0 days 00:00:01.267616
lof,scenario_B,front-end,100,catalogue-db_energy,2024-08-16 11:19:03.407760,2024-08-16 11:19:04.485199,1.6,507.859375,0 days 00:00:01.077439
svm,scenario_B,front-end,100,catalogue-db_energy,2024-08-16 11:19:04.878503,2024-08-16 11:19:06.258961,0.0,507.578125,0 days 00:00:01.380458
BIRCH,scenario_B,front-end,100,front-end_energy,2024-08-16 11:19:06.258961,2024-08-16 11:19:07.285732,0.0,507.578125,0 days 00:00:01.026771
iforest,scenario_B,front-end,100,front-end_energy,2024-08-16 11:19:07.486571,2024-08-16 11:19:08.589792,0.0,508.53125,0 days 00:00:01.103221
knn,scenario_B,front-end,100,front-end_energy,2024-08-16 11:19:08.784004,2024-08-16 11:19:10.093366,0.0,507.41015625,0 days 00:00:01.309362
lof,scenario_B,front-end,100,front-end_energy,2024-08-16 11:19:10.334345,2024-08-16 11:19:11.420118,0.0,507.69140625,0 days 00:00:01.085773
svm,scenario_B,front-end,100,front-end_energy,2024-08-16 11:19:11.789387,2024-08-16 11:19:13.237128,0.0,507.41015625,0 days 00:00:01.447741
BIRCH,scenario_B,front-end,100,orders_energy,2024-08-16 11:19:13.237128,2024-08-16 11:19:14.278831,0.0,507.41015625,0 days 00:00:01.041703
iforest,scenario_B,front-end,100,orders_energy,2024-08-16 11:19:14.641200,2024-08-16 11:19:15.803330,3.1,508.796875,0 days 00:00:01.162130
knn,scenario_B,front-end,100,orders_energy,2024-08-16 11:19:16.243209,2024-08-16 11:19:17.459632,0.0,507.09375,0 days 00:00:01.216423
lof,scenario_B,front-end,100,orders_energy,2024-08-16 11:19:17.947190,2024-08-16 11:19:19.040138,0.0,507.375,0 days 00:00:01.092948
svm,scenario_B,front-end,100,orders_energy,2024-08-16 11:19:19.268453,2024-08-16 11:19:20.641584,0.0,507.09375,0 days 00:00:01.373131
BIRCH,scenario_B,front-end,100,orders-db_energy,2024-08-16 11:19:20.643590,2024-08-16 11:19:21.673231,0.0,507.09375,0 days 00:00:01.029641
iforest,scenario_B,front-end,100,orders-db_energy,2024-08-16 11:19:21.938855,2024-08-16 11:19:23.051106,0.0,508.484375,0 days 00:00:01.112251
knn,scenario_B,front-end,100,orders-db_energy,2024-08-16 11:19:23.355136,2024-08-16 11:19:24.547004,0.0,507.0390625,0 days 00:00:01.191868
lof,scenario_B,front-end,100,orders-db_energy,2024-08-16 11:19:24.734426,2024-08-16 11:19:25.819663,0.0,507.3203125,0 days 00:00:01.085237
svm,scenario_B,front-end,100,orders-db_energy,2024-08-16 11:19:26.136966,2024-08-16 11:19:27.486536,1.5,507.0390625,0 days 00:00:01.349570
BIRCH,scenario_B,front-end,100,payment_energy,2024-08-16 11:19:27.486536,2024-08-16 11:19:28.531207,0.0,507.0546875,0 days 00:00:01.044671
iforest,scenario_B,front-end,100,payment_energy,2024-08-16 11:19:28.767574,2024-08-16 11:19:29.899132,0.0,508.55859375,0 days 00:00:01.131558
knn,scenario_B,front-end,100,payment_energy,2024-08-16 11:19:30.083307,2024-08-16 11:19:31.257578,0.0,507.6875,0 days 00:00:01.174271
lof,scenario_B,front-end,100,payment_energy,2024-08-16 11:19:31.427771,2024-08-16 11:19:32.519513,0.0,507.96875,0 days 00:00:01.091742
svm,scenario_B,front-end,100,payment_energy,2024-08-16 11:19:32.827880,2024-08-16 11:19:34.229840,0.0,507.6875,0 days 00:00:01.401960
BIRCH,scenario_B,front-end,100,queue-master_energy,2024-08-16 11:19:34.245460,2024-08-16 11:19:35.257768,0.0,507.6875,0 days 00:00:01.012308
iforest,scenario_B,front-end,100,queue-master_energy,2024-08-16 11:19:35.504473,2024-08-16 11:19:36.605400,0.0,508.7421875,0 days 00:00:01.100927
knn,scenario_B,front-end,100,queue-master_energy,2024-08-16 11:19:36.929791,2024-08-16 11:19:38.107530,0.0,507.84765625,0 days 00:00:01.177739
lof,scenario_B,front-end,100,queue-master_energy,2024-08-16 11:19:38.307297,2024-08-16 11:19:39.444140,0.0,508.00390625,0 days 00:00:01.136843
svm,scenario_B,front-end,100,queue-master_energy,2024-08-16 11:19:39.720827,2024-08-16 11:19:41.111032,0.0,507.72265625,0 days 00:00:01.390205
BIRCH,scenario_B,front-end,100,rabbitmq_energy,2024-08-16 11:19:41.114135,2024-08-16 11:19:42.139329,0.0,507.72265625,0 days 00:00:01.025194
iforest,scenario_B,front-end,100,rabbitmq_energy,2024-08-16 11:19:42.370468,2024-08-16 11:19:43.488563,0.0,509.21875,0 days 00:00:01.118095
knn,scenario_B,front-end,100,rabbitmq_energy,2024-08-16 11:19:43.669303,2024-08-16 11:19:45.000293,0.0,507.74609375,0 days 00:00:01.330990
lof,scenario_B,front-end,100,rabbitmq_energy,2024-08-16 11:19:45.199600,2024-08-16 11:19:46.281373,0.0,507.77734375,0 days 00:00:01.081773
svm,scenario_B,front-end,100,rabbitmq_energy,2024-08-16 11:19:46.447629,2024-08-16 11:19:48.214571,0.0,507.49609375,0 days 00:00:01.766942
BIRCH,scenario_B,front-end,100,shipping_energy,2024-08-16 11:19:48.230195,2024-08-16 11:19:49.247568,0.0,507.49609375,0 days 00:00:01.017373
iforest,scenario_B,front-end,100,shipping_energy,2024-08-16 11:19:49.454824,2024-08-16 11:19:50.644452,0.0,508.34375,0 days 00:00:01.189628
knn,scenario_B,front-end,100,shipping_energy,2024-08-16 11:19:50.844338,2024-08-16 11:19:52.235117,0.0,507.40625,0 days 00:00:01.390779
lof,scenario_B,front-end,100,shipping_energy,2024-08-16 11:19:52.439585,2024-08-16 11:19:53.544894,0.0,507.6875,0 days 00:00:01.105309
svm,scenario_B,front-end,100,shipping_energy,2024-08-16 11:19:53.991987,2024-08-16 11:19:55.816911,0.0,507.40625,0 days 00:00:01.824924
BIRCH,scenario_B,front-end,100,user_energy,2024-08-16 11:19:55.819926,2024-08-16 11:19:56.856955,0.0,507.40625,0 days 00:00:01.037029
iforest,scenario_B,front-end,100,user_energy,2024-08-16 11:19:57.158350,2024-08-16 11:19:58.253576,1.6,509.21875,0 days 00:00:01.095226
knn,scenario_B,front-end,100,user_energy,2024-08-16 11:19:58.586361,2024-08-16 11:20:00.014062,0.0,507.71484375,0 days 00:00:01.427701
lof,scenario_B,front-end,100,user_energy,2024-08-16 11:20:00.304047,2024-08-16 11:20:01.407424,1.5,507.99609375,0 days 00:00:01.103377
svm,scenario_B,front-end,100,user_energy,2024-08-16 11:20:01.619146,2024-08-16 11:20:03.316543,0.0,507.7421875,0 days 00:00:01.697397
BIRCH,scenario_B,front-end,100,user-db_energy,2024-08-16 11:20:03.319535,2024-08-16 11:20:04.370495,0.0,507.7421875,0 days 00:00:01.050960
iforest,scenario_B,front-end,100,user-db_energy,2024-08-16 11:20:04.690473,2024-08-16 11:20:05.830578,0.0,509.203125,0 days 00:00:01.140105
knn,scenario_B,front-end,100,user-db_energy,2024-08-16 11:20:06.180392,2024-08-16 11:20:07.395913,1.5,507.5390625,0 days 00:00:01.215521
lof,scenario_B,front-end,100,user-db_energy,2024-08-16 11:20:07.636940,2024-08-16 11:20:08.713704,1.5,507.8203125,0 days 00:00:01.076764
svm,scenario_B,front-end,100,user-db_energy,2024-08-16 11:20:08.894020,2024-08-16 11:20:10.627733,0.0,507.5390625,0 days 00:00:01.733713
BIRCH,scenario_B,front-end,1000,carts_energy,2024-08-16 11:20:12.095111,2024-08-16 11:20:13.140067,0.0,504.18359375,0 days 00:00:01.044956
iforest,scenario_B,front-end,1000,carts_energy,2024-08-16 11:20:13.756672,2024-08-16 11:20:14.895513,0.0,504.44140625,0 days 00:00:01.138841
knn,scenario_B,front-end,1000,carts_energy,2024-08-16 11:20:15.096828,2024-08-16 11:20:16.375609,1.5,504.5234375,0 days 00:00:01.278781
lof,scenario_B,front-end,1000,carts_energy,2024-08-16 11:20:16.826457,2024-08-16 11:20:17.940094,0.0,505.90625,0 days 00:00:01.113637
svm,scenario_B,front-end,1000,carts_energy,2024-08-16 11:20:18.135178,2024-08-16 11:20:19.898444,0.0,506.984375,0 days 00:00:01.763266
BIRCH,scenario_B,front-end,1000,carts-db_energy,2024-08-16 11:20:19.903450,2024-08-16 11:20:20.930093,0.0,506.984375,0 days 00:00:01.026643
iforest,scenario_B,front-end,1000,carts-db_energy,2024-08-16 11:20:21.433047,2024-08-16 11:20:22.582909,0.0,508.25390625,0 days 00:00:01.149862
knn,scenario_B,front-end,1000,carts-db_energy,2024-08-16 11:20:22.885347,2024-08-16 11:20:24.154024,0.0,507.2890625,0 days 00:00:01.268677
lof,scenario_B,front-end,1000,carts-db_energy,2024-08-16 11:20:24.545620,2024-08-16 11:20:25.640560,0.0,507.41015625,0 days 00:00:01.094940
svm,scenario_B,front-end,1000,carts-db_energy,2024-08-16 11:20:25.862432,2024-08-16 11:20:27.612555,0.0,507.13671875,0 days 00:00:01.750123
BIRCH,scenario_B,front-end,1000,catalogue_energy,2024-08-16 11:20:27.612555,2024-08-16 11:20:28.654038,0.0,507.13671875,0 days 00:00:01.041483
iforest,scenario_B,front-end,1000,catalogue_energy,2024-08-16 11:20:29.062854,2024-08-16 11:20:30.244450,1.6,508.35546875,0 days 00:00:01.181596
knn,scenario_B,front-end,1000,catalogue_energy,2024-08-16 11:20:30.726211,2024-08-16 11:20:32.174450,0.0,507.41796875,0 days 00:00:01.448239
lof,scenario_B,front-end,1000,catalogue_energy,2024-08-16 11:20:32.606180,2024-08-16 11:20:33.695831,0.0,507.6953125,0 days 00:00:01.089651
svm,scenario_B,front-end,1000,catalogue_energy,2024-08-16 11:20:33.909548,2024-08-16 11:20:35.258781,0.0,507.41796875,0 days 00:00:01.349233
BIRCH,scenario_B,front-end,1000,catalogue-db_energy,2024-08-16 11:20:35.270132,2024-08-16 11:20:36.324977,0.0,507.41796875,0 days 00:00:01.054845
iforest,scenario_B,front-end,1000,catalogue-db_energy,2024-08-16 11:20:36.507671,2024-08-16 11:20:37.632807,0.0,508.6171875,0 days 00:00:01.125136
knn,scenario_B,front-end,1000,catalogue-db_energy,2024-08-16 11:20:37.837130,2024-08-16 11:20:39.238212,0.0,507.40234375,0 days 00:00:01.401082
lof,scenario_B,front-end,1000,catalogue-db_energy,2024-08-16 11:20:39.482765,2024-08-16 11:20:40.577928,0.0,507.6796875,0 days 00:00:01.095163
svm,scenario_B,front-end,1000,catalogue-db_energy,2024-08-16 11:20:40.743442,2024-08-16 11:20:42.167182,0.0,507.40625,0 days 00:00:01.423740
BIRCH,scenario_B,front-end,1000,front-end_energy,2024-08-16 11:20:42.167182,2024-08-16 11:20:43.260193,0.0,507.40625,0 days 00:00:01.093011
iforest,scenario_B,front-end,1000,front-end_energy,2024-08-16 11:20:43.462647,2024-08-16 11:20:44.559360,0.0,508.3046875,0 days 00:00:01.096713
knn,scenario_B,front-end,1000,front-end_energy,2024-08-16 11:20:44.825784,2024-08-16 11:20:45.980953,0.0,507.203125,0 days 00:00:01.155169
lof,scenario_B,front-end,1000,front-end_energy,2024-08-16 11:20:46.131275,2024-08-16 11:20:47.264898,1.5,507.48046875,0 days 00:00:01.133623
svm,scenario_B,front-end,1000,front-end_energy,2024-08-16 11:20:47.681521,2024-08-16 11:20:49.479499,0.0,507.33203125,0 days 00:00:01.797978
BIRCH,scenario_B,front-end,1000,orders_energy,2024-08-16 11:20:49.484922,2024-08-16 11:20:50.506385,0.0,507.33203125,0 days 00:00:01.021463
iforest,scenario_B,front-end,1000,orders_energy,2024-08-16 11:20:50.893066,2024-08-16 11:20:52.068840,0.0,508.73828125,0 days 00:00:01.175774
knn,scenario_B,front-end,1000,orders_energy,2024-08-16 11:20:52.534419,2024-08-16 11:20:53.702312,1.5,507.7265625,0 days 00:00:01.167893
lof,scenario_B,front-end,1000,orders_energy,2024-08-16 11:20:54.220883,2024-08-16 11:20:55.318231,0.0,508.00390625,0 days 00:00:01.097348
svm,scenario_B,front-end,1000,orders_energy,2024-08-16 11:20:55.643505,2024-08-16 11:20:56.950161,1.6,507.73046875,0 days 00:00:01.306656
BIRCH,scenario_B,front-end,1000,orders-db_energy,2024-08-16 11:20:56.950161,2024-08-16 11:20:58.017658,0.0,507.73046875,0 days 00:00:01.067497
iforest,scenario_B,front-end,1000,orders-db_energy,2024-08-16 11:20:58.250909,2024-08-16 11:20:59.346866,0.0,508.640625,0 days 00:00:01.095957
knn,scenario_B,front-end,1000,orders-db_energy,2024-08-16 11:20:59.515878,2024-08-16 11:21:00.874549,1.6,507.453125,0 days 00:00:01.358671
lof,scenario_B,front-end,1000,orders-db_energy,2024-08-16 11:21:01.176847,2024-08-16 11:21:02.258174,0.0,507.73046875,0 days 00:00:01.081327
svm,scenario_B,front-end,1000,orders-db_energy,2024-08-16 11:21:02.427180,2024-08-16 11:21:03.959109,0.0,507.23828125,0 days 00:00:01.531929
BIRCH,scenario_B,front-end,1000,payment_energy,2024-08-16 11:21:03.959109,2024-08-16 11:21:04.996065,1.6,507.23828125,0 days 00:00:01.036956
iforest,scenario_B,front-end,1000,payment_energy,2024-08-16 11:21:05.342445,2024-08-16 11:21:06.476385,0.0,508.56640625,0 days 00:00:01.133940
knn,scenario_B,front-end,1000,payment_energy,2024-08-16 11:21:06.889389,2024-08-16 11:21:08.039283,0.0,507.1328125,0 days 00:00:01.149894
lof,scenario_B,front-end,1000,payment_energy,2024-08-16 11:21:08.215058,2024-08-16 11:21:09.312629,0.0,507.41015625,0 days 00:00:01.097571
svm,scenario_B,front-end,1000,payment_energy,2024-08-16 11:21:09.624339,2024-08-16 11:21:11.009910,0.0,507.1328125,0 days 00:00:01.385571
BIRCH,scenario_B,front-end,1000,queue-master_energy,2024-08-16 11:21:11.009910,2024-08-16 11:21:12.039673,0.0,507.1328125,0 days 00:00:01.029763
iforest,scenario_B,front-end,1000,queue-master_energy,2024-08-16 11:21:12.234696,2024-08-16 11:21:13.314942,0.0,508.15234375,0 days 00:00:01.080246
knn,scenario_B,front-end,1000,queue-master_energy,2024-08-16 11:21:13.663343,2024-08-16 11:21:14.801974,0.0,507.375,0 days 00:00:01.138631
lof,scenario_B,front-end,1000,queue-master_energy,2024-08-16 11:21:14.998616,2024-08-16 11:21:16.066620,0.0,507.65234375,0 days 00:00:01.068004
svm,scenario_B,front-end,1000,queue-master_energy,2024-08-16 11:21:16.385447,2024-08-16 11:21:17.714063,0.0,507.25390625,0 days 00:00:01.328616
BIRCH,scenario_B,front-end,1000,rabbitmq_energy,2024-08-16 11:21:17.714063,2024-08-16 11:21:18.761270,0.0,507.25390625,0 days 00:00:01.047207
iforest,scenario_B,front-end,1000,rabbitmq_energy,2024-08-16 11:21:18.964747,2024-08-16 11:21:20.075997,0.0,509.109375,0 days 00:00:01.111250
knn,scenario_B,front-end,1000,rabbitmq_energy,2024-08-16 11:21:20.344560,2024-08-16 11:21:21.552045,0.0,507.62890625,0 days 00:00:01.207485
lof,scenario_B,front-end,1000,rabbitmq_energy,2024-08-16 11:21:21.984437,2024-08-16 11:21:23.053901,0.0,507.90625,0 days 00:00:01.069464
svm,scenario_B,front-end,1000,rabbitmq_energy,2024-08-16 11:21:23.235520,2024-08-16 11:21:24.894881,0.0,507.62890625,0 days 00:00:01.659361
BIRCH,scenario_B,front-end,1000,shipping_energy,2024-08-16 11:21:24.894881,2024-08-16 11:21:25.928436,0.0,507.62890625,0 days 00:00:01.033555
iforest,scenario_B,front-end,1000,shipping_energy,2024-08-16 11:21:26.189174,2024-08-16 11:21:27.338175,1.6,508.63671875,0 days 00:00:01.149001
knn,scenario_B,front-end,1000,shipping_energy,2024-08-16 11:21:27.923599,2024-08-16 11:21:29.203784,0.0,507.515625,0 days 00:00:01.280185
lof,scenario_B,front-end,1000,shipping_energy,2024-08-16 11:21:29.632378,2024-08-16 11:21:30.712518,0.0,507.79296875,0 days 00:00:01.080140
svm,scenario_B,front-end,1000,shipping_energy,2024-08-16 11:21:30.885145,2024-08-16 11:21:32.202524,0.0,507.515625,0 days 00:00:01.317379
BIRCH,scenario_B,front-end,1000,user_energy,2024-08-16 11:21:32.202524,2024-08-16 11:21:33.298329,0.0,507.515625,0 days 00:00:01.095805
iforest,scenario_B,front-end,1000,user_energy,2024-08-16 11:21:33.717948,2024-08-16 11:21:34.817296,0.0,508.85546875,0 days 00:00:01.099348
knn,scenario_B,front-end,1000,user_energy,2024-08-16 11:21:34.999736,2024-08-16 11:21:36.314850,0.0,507.3515625,0 days 00:00:01.315114
lof,scenario_B,front-end,1000,user_energy,2024-08-16 11:21:36.595758,2024-08-16 11:21:37.677539,0.0,507.62890625,0 days 00:00:01.081781
svm,scenario_B,front-end,1000,user_energy,2024-08-16 11:21:37.841991,2024-08-16 11:21:39.496403,0.0,507.3515625,0 days 00:00:01.654412
BIRCH,scenario_B,front-end,1000,user-db_energy,2024-08-16 11:21:39.496403,2024-08-16 11:21:40.542838,0.0,507.375,0 days 00:00:01.046435
iforest,scenario_B,front-end,1000,user-db_energy,2024-08-16 11:21:40.832092,2024-08-16 11:21:41.940517,0.0,508.8203125,0 days 00:00:01.108425
knn,scenario_B,front-end,1000,user-db_energy,2024-08-16 11:21:42.204469,2024-08-16 11:21:43.391902,0.0,504.4140625,0 days 00:00:01.187433
lof,scenario_B,front-end,1000,user-db_energy,2024-08-16 11:21:43.670900,2024-08-16 11:21:44.796340,0.0,504.69140625,0 days 00:00:01.125440
svm,scenario_B,front-end,1000,user-db_energy,2024-08-16 11:21:45.088911,2024-08-16 11:21:46.422275,0.0,504.41796875,0 days 00:00:01.333364
BIRCH,scenario_B,orders,100,carts_energy,2024-08-16 11:21:48.053649,2024-08-16 11:21:49.072590,0.0,509.1640625,0 days 00:00:01.018941
iforest,scenario_B,orders,100,carts_energy,2024-08-16 11:21:49.288569,2024-08-16 11:21:50.401349,0.0,503.109375,0 days 00:00:01.112780
knn,scenario_B,orders,100,carts_energy,2024-08-16 11:21:50.616725,2024-08-16 11:21:51.783078,1.5,502.96875,0 days 00:00:01.166353
lof,scenario_B,orders,100,carts_energy,2024-08-16 11:21:51.964316,2024-08-16 11:21:53.030864,0.0,504.578125,0 days 00:00:01.066548
svm,scenario_B,orders,100,carts_energy,2024-08-16 11:21:53.345235,2024-08-16 11:21:54.878519,1.6,505.62890625,0 days 00:00:01.533284
BIRCH,scenario_B,orders,100,carts-db_energy,2024-08-16 11:21:54.878519,2024-08-16 11:21:55.928110,0.0,505.65625,0 days 00:00:01.049591
iforest,scenario_B,orders,100,carts-db_energy,2024-08-16 11:21:56.178310,2024-08-16 11:21:57.279123,0.0,506.8671875,0 days 00:00:01.100813
knn,scenario_B,orders,100,carts-db_energy,2024-08-16 11:21:57.442659,2024-08-16 11:21:58.791755,1.5,505.85546875,0 days 00:00:01.349096
lof,scenario_B,orders,100,carts-db_energy,2024-08-16 11:21:59.074695,2024-08-16 11:22:00.159298,0.0,506.15234375,0 days 00:00:01.084603
svm,scenario_B,orders,100,carts-db_energy,2024-08-16 11:22:00.347734,2024-08-16 11:22:01.957398,3.1,505.875,0 days 00:00:01.609664
BIRCH,scenario_B,orders,100,catalogue_energy,2024-08-16 11:22:01.959412,2024-08-16 11:22:02.990723,0.0,505.875,0 days 00:00:01.031311
iforest,scenario_B,orders,100,catalogue_energy,2024-08-16 11:22:03.185783,2024-08-16 11:22:04.354702,0.0,507.0625,0 days 00:00:01.168919
knn,scenario_B,orders,100,catalogue_energy,2024-08-16 11:22:04.656818,2024-08-16 11:22:05.838200,0.0,505.73046875,0 days 00:00:01.181382
lof,scenario_B,orders,100,catalogue_energy,2024-08-16 11:22:06.001285,2024-08-16 11:22:07.089371,0.0,506.01171875,0 days 00:00:01.088086
svm,scenario_B,orders,100,catalogue_energy,2024-08-16 11:22:07.614476,2024-08-16 11:22:09.014924,0.0,505.734375,0 days 00:00:01.400448
BIRCH,scenario_B,orders,100,catalogue-db_energy,2024-08-16 11:22:09.018938,2024-08-16 11:22:10.051356,1.6,505.734375,0 days 00:00:01.032418
iforest,scenario_B,orders,100,catalogue-db_energy,2024-08-16 11:22:10.230162,2024-08-16 11:22:11.331979,0.0,506.9375,0 days 00:00:01.101817
knn,scenario_B,orders,100,catalogue-db_energy,2024-08-16 11:22:11.775500,2024-08-16 11:22:12.931301,0.0,505.63671875,0 days 00:00:01.155801
lof,scenario_B,orders,100,catalogue-db_energy,2024-08-16 11:22:13.112704,2024-08-16 11:22:14.188961,0.0,505.91796875,0 days 00:00:01.076257
svm,scenario_B,orders,100,catalogue-db_energy,2024-08-16 11:22:14.331822,2024-08-16 11:22:15.976784,0.0,505.63671875,0 days 00:00:01.644962
BIRCH,scenario_B,orders,100,front-end_energy,2024-08-16 11:22:15.976784,2024-08-16 11:22:17.024975,0.0,505.63671875,0 days 00:00:01.048191
iforest,scenario_B,orders,100,front-end_energy,2024-08-16 11:22:17.355143,2024-08-16 11:22:18.458751,0.0,506.65234375,0 days 00:00:01.103608
knn,scenario_B,orders,100,front-end_energy,2024-08-16 11:22:18.642402,2024-08-16 11:22:19.896726,0.0,505.5546875,0 days 00:00:01.254324
lof,scenario_B,orders,100,front-end_energy,2024-08-16 11:22:20.141979,2024-08-16 11:22:21.220419,0.0,505.8359375,0 days 00:00:01.078440
svm,scenario_B,orders,100,front-end_energy,2024-08-16 11:22:21.371473,2024-08-16 11:22:22.969420,0.0,505.55859375,0 days 00:00:01.597947
BIRCH,scenario_B,orders,100,orders_energy,2024-08-16 11:22:22.969420,2024-08-16 11:22:24.014006,0.0,505.55859375,0 days 00:00:01.044586
iforest,scenario_B,orders,100,orders_energy,2024-08-16 11:22:24.268195,2024-08-16 11:22:25.350151,0.0,506.95703125,0 days 00:00:01.081956
knn,scenario_B,orders,100,orders_energy,2024-08-16 11:22:25.499791,2024-08-16 11:22:26.802617,0.0,505.6171875,0 days 00:00:01.302826
lof,scenario_B,orders,100,orders_energy,2024-08-16 11:22:26.984758,2024-08-16 11:22:28.066444,0.0,505.8984375,0 days 00:00:01.081686
svm,scenario_B,orders,100,orders_energy,2024-08-16 11:22:28.234870,2024-08-16 11:22:29.679263,0.0,505.6171875,0 days 00:00:01.444393
BIRCH,scenario_B,orders,100,orders-db_energy,2024-08-16 11:22:29.679263,2024-08-16 11:22:30.711564,0.0,505.6171875,0 days 00:00:01.032301
iforest,scenario_B,orders,100,orders-db_energy,2024-08-16 11:22:30.913826,2024-08-16 11:22:31.997141,1.5,506.71484375,0 days 00:00:01.083315
knn,scenario_B,orders,100,orders-db_energy,2024-08-16 11:22:32.145597,2024-08-16 11:22:33.448725,0.0,505.5,0 days 00:00:01.303128
lof,scenario_B,orders,100,orders-db_energy,2024-08-16 11:22:33.660263,2024-08-16 11:22:34.741917,0.0,505.78125,0 days 00:00:01.081654
svm,scenario_B,orders,100,orders-db_energy,2024-08-16 11:22:34.911610,2024-08-16 11:22:36.324430,0.0,505.50390625,0 days 00:00:01.412820
BIRCH,scenario_B,orders,100,payment_energy,2024-08-16 11:22:36.340062,2024-08-16 11:22:37.407057,0.0,505.50390625,0 days 00:00:01.066995
iforest,scenario_B,orders,100,payment_energy,2024-08-16 11:22:37.688907,2024-08-16 11:22:38.773662,0.0,507.078125,0 days 00:00:01.084755
knn,scenario_B,orders,100,payment_energy,2024-08-16 11:22:39.086841,2024-08-16 11:22:40.268768,0.0,505.984375,0 days 00:00:01.181927
lof,scenario_B,orders,100,payment_energy,2024-08-16 11:22:40.471400,2024-08-16 11:22:41.551635,0.0,506.265625,0 days 00:00:01.080235
svm,scenario_B,orders,100,payment_energy,2024-08-16 11:22:41.705362,2024-08-16 11:22:43.016704,1.6,506.00390625,0 days 00:00:01.311342
BIRCH,scenario_B,orders,100,queue-master_energy,2024-08-16 11:22:43.016704,2024-08-16 11:22:44.065888,1.5,506.00390625,0 days 00:00:01.049184
iforest,scenario_B,orders,100,queue-master_energy,2024-08-16 11:22:44.265992,2024-08-16 11:22:45.382859,0.0,506.43359375,0 days 00:00:01.116867
knn,scenario_B,orders,100,queue-master_energy,2024-08-16 11:22:45.531289,2024-08-16 11:22:46.730687,0.0,505.73046875,0 days 00:00:01.199398
lof,scenario_B,orders,100,queue-master_energy,2024-08-16 11:22:46.900107,2024-08-16 11:22:47.981746,0.0,505.76171875,0 days 00:00:01.081639
svm,scenario_B,orders,100,queue-master_energy,2024-08-16 11:22:48.228777,2024-08-16 11:22:49.547215,1.6,505.48046875,0 days 00:00:01.318438
BIRCH,scenario_B,orders,100,rabbitmq_energy,2024-08-16 11:22:49.547215,2024-08-16 11:22:50.594446,0.0,505.48046875,0 days 00:00:01.047231
iforest,scenario_B,orders,100,rabbitmq_energy,2024-08-16 11:22:50.809740,2024-08-16 11:22:51.909302,0.0,507.3359375,0 days 00:00:01.099562
knn,scenario_B,orders,100,rabbitmq_energy,2024-08-16 11:22:52.074858,2024-08-16 11:22:53.308297,0.0,505.8203125,0 days 00:00:01.233439
lof,scenario_B,orders,100,rabbitmq_energy,2024-08-16 11:22:53.543728,2024-08-16 11:22:54.655623,1.5,506.1015625,0 days 00:00:01.111895
svm,scenario_B,orders,100,rabbitmq_energy,2024-08-16 11:22:54.859809,2024-08-16 11:22:56.322066,0.0,505.8203125,0 days 00:00:01.462257
BIRCH,scenario_B,orders,100,shipping_energy,2024-08-16 11:22:56.325106,2024-08-16 11:22:57.336592,0.0,505.8203125,0 days 00:00:01.011486
iforest,scenario_B,orders,100,shipping_energy,2024-08-16 11:22:57.523239,2024-08-16 11:22:58.718400,0.0,506.48828125,0 days 00:00:01.195161
knn,scenario_B,orders,100,shipping_energy,2024-08-16 11:22:58.959296,2024-08-16 11:23:00.118350,0.0,505.61328125,0 days 00:00:01.159054
lof,scenario_B,orders,100,shipping_energy,2024-08-16 11:23:00.454648,2024-08-16 11:23:01.535002,0.0,505.89453125,0 days 00:00:01.080354
svm,scenario_B,orders,100,shipping_energy,2024-08-16 11:23:01.732687,2024-08-16 11:23:03.195303,0.0,505.61328125,0 days 00:00:01.462616
BIRCH,scenario_B,orders,100,user_energy,2024-08-16 11:23:03.195303,2024-08-16 11:23:04.223470,0.0,505.61328125,0 days 00:00:01.028167
iforest,scenario_B,orders,100,user_energy,2024-08-16 11:23:04.432558,2024-08-16 11:23:05.532537,1.5,507.34765625,0 days 00:00:01.099979
knn,scenario_B,orders,100,user_energy,2024-08-16 11:23:05.699534,2024-08-16 11:23:06.961151,0.0,505.8515625,0 days 00:00:01.261617
lof,scenario_B,orders,100,user_energy,2024-08-16 11:23:07.145998,2024-08-16 11:23:08.226424,0.0,506.1328125,0 days 00:00:01.080426
svm,scenario_B,orders,100,user_energy,2024-08-16 11:23:08.494139,2024-08-16 11:23:10.006395,0.0,505.9609375,0 days 00:00:01.512256
BIRCH,scenario_B,orders,100,user-db_energy,2024-08-16 11:23:10.006395,2024-08-16 11:23:11.031419,0.0,505.9609375,0 days 00:00:01.025024
iforest,scenario_B,orders,100,user-db_energy,2024-08-16 11:23:11.240276,2024-08-16 11:23:12.377323,0.0,507.42578125,0 days 00:00:01.137047
knn,scenario_B,orders,100,user-db_energy,2024-08-16 11:23:12.670786,2024-08-16 11:23:13.858909,1.6,505.859375,0 days 00:00:01.188123
lof,scenario_B,orders,100,user-db_energy,2024-08-16 11:23:14.086685,2024-08-16 11:23:15.171599,0.0,506.140625,0 days 00:00:01.084914
svm,scenario_B,orders,100,user-db_energy,2024-08-16 11:23:15.336480,2024-08-16 11:23:16.817121,0.0,505.859375,0 days 00:00:01.480641
BIRCH,scenario_B,orders,1000,carts_energy,2024-08-16 11:23:17.552129,2024-08-16 11:23:18.584532,0.0,502.63671875,0 days 00:00:01.032403
iforest,scenario_B,orders,1000,carts_energy,2024-08-16 11:23:18.803750,2024-08-16 11:23:19.900451,0.0,503.20703125,0 days 00:00:01.096701
knn,scenario_B,orders,1000,carts_energy,2024-08-16 11:23:20.063741,2024-08-16 11:23:21.281563,0.0,503.02734375,0 days 00:00:01.217822
lof,scenario_B,orders,1000,carts_energy,2024-08-16 11:23:21.530425,2024-08-16 11:23:22.614674,1.6,504.421875,0 days 00:00:01.084249
svm,scenario_B,orders,1000,carts_energy,2024-08-16 11:23:22.797386,2024-08-16 11:23:24.266314,0.0,505.47265625,0 days 00:00:01.468928
BIRCH,scenario_B,orders,1000,carts-db_energy,2024-08-16 11:23:24.266314,2024-08-16 11:23:25.295296,1.6,505.47265625,0 days 00:00:01.028982
iforest,scenario_B,orders,1000,carts-db_energy,2024-08-16 11:23:25.564642,2024-08-16 11:23:26.693261,0.0,506.18359375,0 days 00:00:01.128619
knn,scenario_B,orders,1000,carts-db_energy,2024-08-16 11:23:27.013518,2024-08-16 11:23:28.176803,0.0,505.37109375,0 days 00:00:01.163285
lof,scenario_B,orders,1000,carts-db_energy,2024-08-16 11:23:28.495740,2024-08-16 11:23:29.581497,0.0,505.6484375,0 days 00:00:01.085757
svm,scenario_B,orders,1000,carts-db_energy,2024-08-16 11:23:29.723258,2024-08-16 11:23:31.159642,1.5,505.37109375,0 days 00:00:01.436384
BIRCH,scenario_B,orders,1000,catalogue_energy,2024-08-16 11:23:31.161633,2024-08-16 11:23:32.201161,0.0,505.37109375,0 days 00:00:01.039528
iforest,scenario_B,orders,1000,catalogue_energy,2024-08-16 11:23:32.421758,2024-08-16 11:23:33.539797,0.0,506.203125,0 days 00:00:01.118039
knn,scenario_B,orders,1000,catalogue_energy,2024-08-16 11:23:33.769343,2024-08-16 11:23:34.937302,0.0,505.1875,0 days 00:00:01.167959
lof,scenario_B,orders,1000,catalogue_energy,2024-08-16 11:23:35.241759,2024-08-16 11:23:36.318757,0.0,505.46484375,0 days 00:00:01.076998
svm,scenario_B,orders,1000,catalogue_energy,2024-08-16 11:23:36.466824,2024-08-16 11:23:37.964215,0.0,505.1875,0 days 00:00:01.497391
BIRCH,scenario_B,orders,1000,catalogue-db_energy,2024-08-16 11:23:37.967238,2024-08-16 11:23:38.999051,0.0,505.1875,0 days 00:00:01.031813
iforest,scenario_B,orders,1000,catalogue-db_energy,2024-08-16 11:23:39.184267,2024-08-16 11:23:40.300191,0.0,506.4921875,0 days 00:00:01.115924
knn,scenario_B,orders,1000,catalogue-db_energy,2024-08-16 11:23:40.549749,2024-08-16 11:23:41.730966,0.0,505.265625,0 days 00:00:01.181217
lof,scenario_B,orders,1000,catalogue-db_energy,2024-08-16 11:23:41.897654,2024-08-16 11:23:42.982832,0.0,505.54296875,0 days 00:00:01.085178
svm,scenario_B,orders,1000,catalogue-db_energy,2024-08-16 11:23:43.307591,2024-08-16 11:23:44.715730,0.0,505.265625,0 days 00:00:01.408139
BIRCH,scenario_B,orders,1000,front-end_energy,2024-08-16 11:23:44.718441,2024-08-16 11:23:45.744251,0.0,505.265625,0 days 00:00:01.025810
iforest,scenario_B,orders,1000,front-end_energy,2024-08-16 11:23:45.944515,2024-08-16 11:23:47.043713,0.0,506.0234375,0 days 00:00:01.099198
knn,scenario_B,orders,1000,front-end_energy,2024-08-16 11:23:47.207537,2024-08-16 11:23:48.445310,0.0,504.86328125,0 days 00:00:01.237773
lof,scenario_B,orders,1000,front-end_energy,2024-08-16 11:23:48.759722,2024-08-16 11:23:50.009989,0.0,505.140625,0 days 00:00:01.250267
svm,scenario_B,orders,1000,front-end_energy,2024-08-16 11:23:50.307781,2024-08-16 11:23:51.702522,0.0,504.92578125,0 days 00:00:01.394741
BIRCH,scenario_B,orders,1000,orders_energy,2024-08-16 11:23:51.702522,2024-08-16 11:23:52.722030,0.0,504.92578125,0 days 00:00:01.019508
iforest,scenario_B,orders,1000,orders_energy,2024-08-16 11:23:52.921739,2024-08-16 11:23:54.052344,1.6,506.2734375,0 days 00:00:01.130605
knn,scenario_B,orders,1000,orders_energy,2024-08-16 11:23:54.382391,2024-08-16 11:23:55.550711,0.0,505.22265625,0 days 00:00:01.168320
lof,scenario_B,orders,1000,orders_energy,2024-08-16 11:23:55.824327,2024-08-16 11:23:56.906685,0.0,505.5,0 days 00:00:01.082358
svm,scenario_B,orders,1000,orders_energy,2024-08-16 11:23:57.048739,2024-08-16 11:23:58.500604,0.0,505.2265625,0 days 00:00:01.451865
BIRCH,scenario_B,orders,1000,orders-db_energy,2024-08-16 11:23:58.500604,2024-08-16 11:23:59.569369,0.0,505.2265625,0 days 00:00:01.068765
iforest,scenario_B,orders,1000,orders-db_energy,2024-08-16 11:23:59.861907,2024-08-16 11:24:00.961538,0.0,505.8671875,0 days 00:00:01.099631
knn,scenario_B,orders,1000,orders-db_energy,2024-08-16 11:24:01.127260,2024-08-16 11:24:02.427789,0.0,504.72265625,0 days 00:00:01.300529
lof,scenario_B,orders,1000,orders-db_energy,2024-08-16 11:24:02.647418,2024-08-16 11:24:03.737992,0.0,505.0,0 days 00:00:01.090574
svm,scenario_B,orders,1000,orders-db_energy,2024-08-16 11:24:03.877449,2024-08-16 11:24:05.393158,0.0,504.73046875,0 days 00:00:01.515709
BIRCH,scenario_B,orders,1000,payment_energy,2024-08-16 11:24:05.406407,2024-08-16 11:24:06.441635,0.0,504.73046875,0 days 00:00:01.035228
iforest,scenario_B,orders,1000,payment_energy,2024-08-16 11:24:06.648391,2024-08-16 11:24:07.870724,0.0,506.35546875,0 days 00:00:01.222333
knn,scenario_B,orders,1000,payment_energy,2024-08-16 11:24:08.069469,2024-08-16 11:24:09.236831,0.0,504.83203125,0 days 00:00:01.167362
lof,scenario_B,orders,1000,payment_energy,2024-08-16 11:24:09.406258,2024-08-16 11:24:10.536704,0.0,505.109375,0 days 00:00:01.130446
svm,scenario_B,orders,1000,payment_energy,2024-08-16 11:24:10.901383,2024-08-16 11:24:12.203336,0.0,504.875,0 days 00:00:01.301953
BIRCH,scenario_B,orders,1000,queue-master_energy,2024-08-16 11:24:12.203336,2024-08-16 11:24:13.247793,0.0,504.96875,0 days 00:00:01.044457
iforest,scenario_B,orders,1000,queue-master_energy,2024-08-16 11:24:13.435264,2024-08-16 11:24:14.680868,0.0,506.265625,0 days 00:00:01.245604
knn,scenario_B,orders,1000,queue-master_energy,2024-08-16 11:24:14.883850,2024-08-16 11:24:16.127535,0.0,505.49609375,0 days 00:00:01.243685
lof,scenario_B,orders,1000,queue-master_energy,2024-08-16 11:24:16.380147,2024-08-16 11:24:17.477225,0.0,505.7734375,0 days 00:00:01.097078
svm,scenario_B,orders,1000,queue-master_energy,2024-08-16 11:24:17.628657,2024-08-16 11:24:18.961189,1.5,505.515625,0 days 00:00:01.332532
BIRCH,scenario_B,orders,1000,rabbitmq_energy,2024-08-16 11:24:18.962800,2024-08-16 11:24:20.034099,0.0,505.515625,0 days 00:00:01.071299
iforest,scenario_B,orders,1000,rabbitmq_energy,2024-08-16 11:24:20.225823,2024-08-16 11:24:21.494472,0.0,506.83984375,0 days 00:00:01.268649
knn,scenario_B,orders,1000,rabbitmq_energy,2024-08-16 11:24:21.805672,2024-08-16 11:24:22.979557,0.0,505.56640625,0 days 00:00:01.173885
lof,scenario_B,orders,1000,rabbitmq_energy,2024-08-16 11:24:23.275776,2024-08-16 11:24:24.388659,0.0,505.84765625,0 days 00:00:01.112883
svm,scenario_B,orders,1000,rabbitmq_energy,2024-08-16 11:24:24.697271,2024-08-16 11:24:26.054838,0.0,505.57421875,0 days 00:00:01.357567
BIRCH,scenario_B,orders,1000,shipping_energy,2024-08-16 11:24:26.057817,2024-08-16 11:24:27.093953,0.0,505.57421875,0 days 00:00:01.036136
iforest,scenario_B,orders,1000,shipping_energy,2024-08-16 11:24:27.456171,2024-08-16 11:24:28.552551,0.0,506.66796875,0 days 00:00:01.096380
knn,scenario_B,orders,1000,shipping_energy,2024-08-16 11:24:28.723683,2024-08-16 11:24:29.950882,0.0,505.65625,0 days 00:00:01.227199
lof,scenario_B,orders,1000,shipping_energy,2024-08-16 11:24:30.299920,2024-08-16 11:24:31.376516,0.0,505.93359375,0 days 00:00:01.076596
svm,scenario_B,orders,1000,shipping_energy,2024-08-16 11:24:31.532107,2024-08-16 11:24:33.117888,0.0,505.66796875,0 days 00:00:01.585781
BIRCH,scenario_B,orders,1000,user_energy,2024-08-16 11:24:33.133010,2024-08-16 11:24:34.156675,0.0,505.66796875,0 days 00:00:01.023665
iforest,scenario_B,orders,1000,user_energy,2024-08-16 11:24:34.328079,2024-08-16 11:24:35.431027,0.0,507.203125,0 days 00:00:01.102948
knn,scenario_B,orders,1000,user_energy,2024-08-16 11:24:35.598401,2024-08-16 11:24:36.985490,0.0,505.73828125,0 days 00:00:01.387089
lof,scenario_B,orders,1000,user_energy,2024-08-16 11:24:37.176571,2024-08-16 11:24:38.393247,0.0,506.015625,0 days 00:00:01.216676
svm,scenario_B,orders,1000,user_energy,2024-08-16 11:24:38.596838,2024-08-16 11:24:39.961278,0.0,505.61328125,0 days 00:00:01.364440
BIRCH,scenario_B,orders,1000,user-db_energy,2024-08-16 11:24:39.961278,2024-08-16 11:24:41.013499,1.5,505.61328125,0 days 00:00:01.052221
iforest,scenario_B,orders,1000,user-db_energy,2024-08-16 11:24:41.204676,2024-08-16 11:24:42.306482,0.0,506.72265625,0 days 00:00:01.101806
knn,scenario_B,orders,1000,user-db_energy,2024-08-16 11:24:42.440361,2024-08-16 11:24:43.622606,0.0,505.41015625,0 days 00:00:01.182245
lof,scenario_B,orders,1000,user-db_energy,2024-08-16 11:24:43.774217,2024-08-16 11:24:44.864522,0.0,505.6875,0 days 00:00:01.090305
svm,scenario_B,orders,1000,user-db_energy,2024-08-16 11:24:45.151613,2024-08-16 11:24:46.637606,0.0,505.41015625,0 days 00:00:01.485993
