time,carts_cpu,carts-db_cpu,catalogue_cpu,catalogue-db_cpu,front-end_cpu,orders_cpu,orders-db_cpu,payment_cpu,queue-master_cpu,rabbitmq_cpu,shipping_cpu,user_cpu,user-db_cpu,carts_memory,carts-db_memory,catalogue_memory,catalogue-db_memory,front-end_memory,orders_memory,orders-db_memory,payment_memory,queue-master_memory,rabbitmq_memory,shipping_memory,user_memory,user-db_memory,carts_memory_rss,carts-db_memory_rss,catalogue_memory_rss,catalogue-db_memory_rss,front-end_memory_rss,orders_memory_rss,orders-db_memory_rss,payment_memory_rss,queue-master_memory_rss,rabbitmq_memory_rss,shipping_memory_rss,user_memory_rss,user-db_memory_rss,carts_memory_cache,carts-db_memory_cache,catalogue_memory_cache,catalogue-db_memory_cache,front-end_memory_cache,orders_memory_cache,orders-db_memory_cache,payment_memory_cache,queue-master_memory_cache,rabbitmq_memory_cache,shipping_memory_cache,user_memory_cache,user-db_memory_cache,carts-db_disk,catalogue-db_disk,front-end_disk,orders_disk,orders-db_disk,rabbitmq_disk,user-db_disk,carts_power,carts-db_power,catalogue_power,catalogue-db_power,front-end_power,orders_power,orders-db_power,payment_power,queue-master_power,rabbitmq_power,shipping_power,user_power,user-db_power
1720509598.41,0.21746277758772523,0.007001090262958005,0.002850065904111277,0.001241331559929548,0.0089223060701107,0.014644841156929272,0.004983742453220815,0.0021373987251412604,0.034758319955991865,0.094056693168144,0.004248732913200555,0.004019184885466411,0.007522847272604564,55719556.699634194,10244889.065721415,722152.5917297613,4239.318722422966,1181038.5239852397,14498322.5247346,11135689.57154406,378129.05431219965,99657940.14895059,12213165.025507176,6250039.626922107,456940.03343892726,2300004.656734549,20497341.823601138,5185.372734835605,2832.8479906814214,3644.326621030269,59852.98892988929,2218.5310897667364,646.0949977325158,82.36311355090386,24791130.128639136,6863575.072453943,344.17275859171497,4800.091288869257,12024.903406502555,0,0,0,0,0,2070.6290171156206,0,0,0,0,0,0,0,0,0,0,0,0,0,0,0.01584613292078687,0.0013158051842815236,0.0007300370085888372,0.0005670174858756894,0.003627648070960144,0.0006573291714850072,0.0005799364056019965,0.00043840043359102504,0.009542847416115757,0.010659559464604517,0.0006891493712760678,0.0009988190141735859,0.0007354145679620195
1720509603.41,0.3922330913722768,0.018227730592455076,0.006559975727133918,0.00391087290299052,0.0323302857040094,0.24822352271692003,0.004943009091452839,0.0020324252213840604,0.037061184246050545,0.09274500973916561,0.004387768108855481,0.006736150155084248,0.007302458157071574,55469783.77371905,7667753.933779131,718523.880839393,34730.853391684905,1269964.6282317762,46303948.71189244,14072757.461570669,342564.7753361758,107406164.10668027,10125708.431623643,6270869.090173332,438820.35375974525,1788156.0818527127,27188199.26536554,8933.076188244624,2438.9310911026505,30846.973012399714,159893.81176384786,16329684.274458863,653.3086109615807,0,26718595.497829176,5121311.316303835,483.4423686517839,5287.819599295834,12420.72487993501,0,73.82707593590598,0,0,0,16208730.801185474,0,0,0,0,0,0,0,0,0,0,0,0,0,0,0.1365692259487517,0.007053908007168512,0.002123338242017741,0.0014958056001780275,0.010666435573211982,0.0034275636000046256,0.0006009769492730228,0.0005019837754709021,0.009737921598594435,0.01158182245010131,0.0007680704041879903,0.0011592354400316014,0.0009878928762721009
1720509608.41,0.4846853954274014,0.049773326585147236,0.010872900229811537,0.010542969293952934,0.05638682064126444,0.5671217837981847,0.00503135241625711,0.0020324252213840604,0.03745961450045829,0.08901739851457918,0.004460207027314209,0.010598246682165155,0.009254478942014243,55922525.16635386,11994760.566238776,732872.9353142014,3956167.988596075,1514194.8387796802,78995914.5930548,11839767.046312295,342564.7753361758,80951301.6315307,10638129.307849053,6813210.178247568,245929.45139028726,1170464.2929806714,27429712.06278792,1183418.2014984696,3326.086555319738,3672461.7127819005,398807.6025824185,29646141.476500202,549.6418806716206,0,26849861.924839597,3592552.390240395,525.2532654294978,6448.150249867288,12292.166836215667,0,69.27461227527188,0,0,0,31619878.43120078,0,0,0,0,0,0,69.44727026110546,0,0,0,0,0,0,0,0.18238416805364552,0.011814795147912146,0.0026939005068326275,0.002076506369078482,0.013205867061181192,0.20550785150623987,0.0005899175535400913,0.0005543704238574825,0.009791692736145234,0.010652832125627272,0.0007874429806900088,0.0017415561298414703,0.0009570673407485028
1720509613.41,0.5364619127680065,0.051047854214037715,0.015535292110285153,0.011484032571922603,0.08369369655482813,0.8117829557131546,0.004738361464842642,0.0024192730706324712,0.038586394590108965,0.09149303734884989,0.003918026727272721,0.016824083976992605,0.011814512832238826,55152227.88788079,12391277.762986658,760894.7273770273,4335194.456682821,1601564.8262352175,73330288.56358337,10878611.244587788,317557.9273947426,84627723.95201778,8755884.280389128,6761974.69090909,243523.71039897745,1262659.227687636,33858176.6942065,1222765.0709645618,3746.71182951347,4024307.2856170144,484548.21156497137,39325822.75154558,631.293722212003,552.5148801996392,28070764.083250057,3693736.2305664155,446.8363636363636,9573.413676618278,13112.11517002945,0,71.57788860062998,0,0,0,35539054.511431925,0,0,0,0,0,0,74.92637240016829,0,0,0,0,0,0,0,0.2275440421231032,0.022585520964461328,0.004983372007731179,0.003964364423206204,0.014757196652153711,0.19048216333285103,0.0006129930506715448,0.0005184528513351394,0.00988611273849991,0.01390371509173174,0.0008467654248822158,0.0031139353982654345,0.0017531120980679158
1720509618.41,0.5820805339227617,0.08222991537966955,0.0197882753324721,0.01586078648643163,0.10986245486921331,0.8804929436135592,0.005061041526278882,0.002980522466145176,0.03826585529364375,0.08941545820807979,0.0035746576250000137,0.0211803053988449,0.013508530248230769,52429748.653566904,14039119.662687806,730537.8412477829,4258860.0995494705,2122672.5062958505,79589592.13076387,9657534.214712068,318267.7096475734,56240085.53576528,11025474.594911652,6818324.48,228336.4861471499,1208472.0372165723,29347576.861570135,1385603.7373557414,3969.500265135585,3953527.6318637007,497517.71962480387,42682306.06647895,560.4337341155141,1998.2168390949616,27982197.694781914,3721131.4612508253,450.56,9256.884573533105,12783.50404852617,0,81.08161608963319,0,0,0,38786890.13986665,70.05421676443926,0,0,0,0,0,71.81743847486612,0,0,0,0,0,0,0,0.27006773861831596,0.0226634280512484,0.00530772939837184,0.004054876034859099,0.014765709876103778,0.20603988025283673,0.0007713922963781163,0.0005943954066202613,0.009885793502900078,0.015100836335920721,0.000866686203653585,0.0031237012107293437,0.0018747437649168869
1720509623.41,0.7684685407881665,0.09638132744018058,0.027959448863910743,0.02103663467485896,0.14575821107937365,1.2185214879749746,0.004846737694490512,0.0030471674135723434,0.03710867093664669,0.08063722977279669,0.0038280644427459336,0.02580870468280496,0.014274257661096083,52360209.294624135,12817465.787810385,733769.6317959711,3950407.9369711117,2340700.1059554983,93621166.6942681,7497363.2375635635,316674.70853831124,53947068.081441164,11377780.251654034,6768373.880759991,240693.06863837404,1276973.950420573,36734836.663355045,1271664.6862302485,4687.43528727907,3665050.4814706743,551499.5701805241,56116443.610267736,579.9546112986706,2070.2203652537232,26841346.89464328,3845639.3894649604,447.2592269054378,9818.562409264325,13508.133545781302,0,73.9683972911964,0,0,0,38790036.85732266,72.49432641233382,0,0,0,0,0,75.88839070663653,0,0,0,0,0,0,0,0.28251089493829074,0.0328988451780798,0.007509738292669249,0.005854405928953211,0.014864372895766635,0.3582602016355202,0.000750076434430294,0.0009332665717759985,0.009962519265722716,0.013792389687776985,0.0009278233690040539,0.003273736451551927,0.0031242064402785537
1720509628.41,0.7290926784966907,0.11709783775991668,0.031259945996462826,0.021136403511666662,0.1719255713474324,1.6272359650584107,0.005138324747456591,0.0034553013134480132,0.039232750281904705,0.08453779905681233,0.0034819546382730817,0.029535119997287813,0.01625211376771581,49677303.90382778,13096899.017276028,713685.0701536527,3971160.746666666,3467525.174568173,123634226.17094535,7611916.166373081,161465.90966867213,87347408.65299018,13300002.65271535,6780639.439906651,244469.95406234634,1268606.515737162,34852565.89626211,1298497.778269447,4486.764789041418,3684304.2133333324,472399.58571380837,70481039.61654839,588.9923428119495,2151.9532243030253,28974567.0933154,5615362.169331663,373.3955659276546,12220.026104792092,13419.620835634089,0,75.52040120213138,0,0,0,52494439.42047127,73.62404285149368,0,0,0,0,0,75.39112829007915,0,0,0,0,0,0,0,0.3073751342354488,0.03317488488321587,0.0075505159400224234,0.007580044832196732,0.028735239768728917,0.5052441187207346,0.0009624773347433504,0.001082572494337612,0.010146256070156056,0.014761870165095035,0.0009066939303512543,0.005612474279611073,0.0041239476289125394
1720509633.41,0.8322830002354904,0.1373256612116302,0.031230758981968886,0.02551104370414872,0.1983585393338389,1.8203242319756683,0.00528351947614519,0.0035726637835681516,0.004748556366538192,0.0792937146430273,0.0033137610054845305,0.03223249965638292,0.018113049175282,44106568.509528294,12787085.930326762,711750.311187715,7835538.061749258,3524527.5109170303,120796690.30213085,8388717.070851164,170601.6790875628,57290505.97532018,12302356.768529233,6798760.950639854,267796.9501662364,641939.7801959044,36185908.847184986,1896054.5863714106,4474.601429085209,3651929.855167275,510176.95666778635,69965584.71206874,649.2312569345379,2450.960126203558,717.505547121336,5189274.892806099,224.64351005484463,13389.847508311817,13349.0250040738,0,147.4840219641732,0,0,0,66119855.2176527,81.15390711681724,0,0,0,0,0,74.16125002263222,0,0,0,0,0,0,0,0.3179449343142252,0.033382416165233256,0.0076480867582501035,0.0076765687902578565,0.02894782335719028,0.5067206575901025,0.0009587410194597664,0.0010811401878535606,0.010141003435283125,0.014934645941106892,0.0009630748657105858,0.005611989662502414,0.0043117495603398545
1720509638.41,0.8516597167457328,0.16497421903499612,0.0379404368964065,0.029102097111366076,0.227076814726995,2.1433731839290235,0.005158285069664178,0.003686753124814237,0.004035849034623265,0.07337245884018778,0.0034413542468590503,0.040707899433243294,0.020038353062528522,54683843.93834518,11289748.863794232,729093.5042766085,7909346.246973365,5083765.457697406,152533479.8164143,5385475.931626899,2593.904266331862,55782807.18784715,12699372.270332258,2881.1817346958715,288695.45727436466,1276695.7188498403,47145801.563317746,2090149.2845376781,4909.219677846986,3686294.8125321004,1947754.5803732283,93585702.8658162,625.0280346000376,2593.904266331862,543.3682660777622,5357833.2551968405,320.1313038550968,14918.391034620774,13460.155180282976,0,162.58161827455493,0,0,0,73679318.91935962,78.1285043250047,0,0,0,0,0,74.77863989046098,0,0,0,0,0,0,0,0.33874429784597915,0.04368552001157192,0.009785626503997015,0.00770726953655424,0.04177017656135772,0.519401689895219,0.0009841645828229841,0.001023750330441444,0.0012129031598415382,0.014783650049927079,0.0010410959761925859,0.006013655775971463,0.004333227549808872
1720509643.41,0.9287519087976701,0.18665237136678678,0.04356753634275425,0.032307087047416506,0.26115895051859406,2.4119285296969912,0.005457815593208066,0.004276897861323317,0.004153412186708745,0.07625505125683059,0.0032177921723660543,0.04368913957178291,0.02255872490599305,52112357.141540565,11145991.968500853,574816.7526139242,7775291.221367167,6003339.755940912,152031246.1019882,5111065.34882879,2613.816617134939,54007272.83402444,13176287.358834246,7354097.173354417,266009.9212138897,1260613.8068764505,51473416.47466499,2068099.2771650767,5203.015728875023,3621933.7862922847,2299889.5311496467,117879036.28530742,593.1718619890663,2613.816617134939,601.2256430956662,7404284.735883425,323.8584700533702,14193.17187044062,13338.658894226444,0,160.4732707790554,0,0,0,81013547.69616717,74.14648274863329,0,0,0,0,0,73.69424803440025,0,0,0,0,0,0,0,0.3416888677196808,0.05371385686035197,0.009871219474339145,0.009449475660982982,0.042576160565752655,0.6202610712272355,0.0010991006295530982,0.001170239611506537,0.001067448686632193,0.016348601394194643,0.0012534645641719341,0.008792698642070433,0.004271797760691179
1720509648.41,0.9729553878581643,0.2036295305189223,0.046083276452015556,0.03787001244751073,0.28025397569756966,2.710459005270092,0.005214205260661903,0.0045146357717911565,0.0042587294471886075,0.07114062269000741,0.004257401369863012,0.048723493903424495,0.025692124865505612,43752845.22236501,12522765.04681083,741063.5142080915,12953166.606490953,5828494.898964036,171911614.87787572,7169144.676670846,2704.1757596875054,49792008.660937816,16174947.382568378,20329177.424657535,506713.30831253255,1890875.243913559,43201319.45626006,2475779.48103201,5263.235186137014,8023818.670517912,3852372.9467837866,133450090.46991654,138.74868737508893,2704.1757596875054,554.300020299073,10229953.363349238,13376825.278538812,14563.686318171207,2838.47907358439,0,144.3729469651579,0,0,0,82060945.51609293,69.37434368754447,0,0,0,0,0,74.69681772590499,0,0,0,0,0,0,0,0.3421753799891476,0.054407283579297264,0.010065708570157435,0.009550039506559716,0.04289732010237474,0.6608443238194336,0.0010452963880934266,0.001416756728367185,0.0009773571893831033,0.01943556808996068,0.0015393556568670376,0.008792068153279315,0.005591167319339623
1720509653.41,0.9983264745071504,0.20591327794343822,0.04849547341502554,0.03909059062383745,0.2805392531332817,2.822613921552806,0.005257323332602944,0.005064153832080063,0.004339191262476259,0.06951121185187853,0.004257401369863012,0.054655211958618506,0.0265874681738367,36874486.81467394,12592391.847050495,579937.2035434585,11725806.838196576,5546141.630884229,171986901.50601906,7136673.667177941,2772.7829921144594,54305117.57651791,15193702.4590755,20329177.424657535,561898.7392435462,1381733.8973581293,36419883.398558944,2489544.8597418163,3953.588742242532,7263440.451764023,3633996.984285358,138990964.70800272,138.07750004213793,2772.7829921144594,604.5421840119551,9151755.39049542,13376825.278538812,14262.63758254953,735.5734695506426,0,145.17566316248164,0,0,0,85179407.51515152,69.03875002106896,0,0,0,0,0,81.73038550562696,0,0,0,0,0,0,0,0.35481036419397927,0.054563604507971326,0.0124236475064296,0.009615259891749104,0.04137847673487718,0.662043523886147,0.0011367004332840513,0.0013795713408787202,0.0012243592508766235,0.022560936419363613,0.0016684022968410366,0.008552994799132279,0.005499950544892858
1720509658.41,0.7520009783387176,0.22673117208530724,0.05033392799266166,0.03994098475901547,0.2965785734971981,3.2213194978236848,0.005284522028216746,0.0052573264612901065,0.0038477235428531075,0.06920659907109554,0.004206690130508969,0.05668275060161891,0.026866647574571686,31434659.60842318,14579395.050537873,866109.633253495,11635992.126695197,6924328.822930307,172684792.71436703,5199929.863336649,2755.0951772381786,77192077.77404934,17399598.366284743,22075894.799476378,477957.42389310536,1212272.7126389742,31063578.685142655,3001440.3037403156,3826.8018821451014,7196717.19305849,5000287.501818711,155010635.6848696,0,2686.217797807224,716.1013904558503,9173621.715401018,14526022.293625293,12545.176110260336,717.0241394919111,0,140.10364112123958,0,0,0,90786445.89898773,75.44111688216009,0,0,0,0,0,71.70241394919111,0,0,0,0,0,0,0,0.23068340484086625,0.05038600664906407,0.010956768870640241,0.008636252769004179,0.034352697005032004,0.673056551157216,0.001313681644452603,0.0014951911001226616,0.001323637344432025,0.022280769681929432,0.0016699368977489341,0.00895659261020813,0.005474088970132613
1720509663.41,0.6913625455434251,0.21434600719095454,0.04734559854340025,0.04007095815652361,0.29660574793673883,3.2518515051396872,0.005399982667369914,0.005200763507240395,0.004058426598314542,0.06433633268044593,0.0041075796263167685,0.0617415984607836,0.02854990222668676,43826080.20567415,12527366.622064149,889470.0727364096,11539659.164562853,6674149.42737684,151971409.48893198,5134694.287325174,2735.984957278862,81419150.34391193,16771324.289565474,21018416.965046998,765426.1121157324,1288224.2684673625,43293992.504481025,2478657.5025208495,3144.5189780171963,7135272.922597625,4768217.560443556,138374306.53479093,0,2735.984957278862,755.3154216378691,8842900.963671831,13830224.33106261,12369.475587703437,761.9472812842979,0,144.48179898696333,0,0,0,68018521.00291884,74.49575323281742,0,0,0,0,0,76.19472812842979,0,0,0,0,0,0,0,0.21087386124418261,0.05691525607265791,0.010628174193988362,0.008107841408369794,0.04581094277831387,0.7010162926809338,0.0013844991649635083,0.0014822164239625488,0.001385850867868061,0.02484644191586596,0.001769473416639722,0.01100811255191234,0.006848830866983907
1720509668.41,0.6741561710828026,0.21714544749803744,0.05088046931322674,0.03874524354429011,0.29492993918930477,3.2265775113894297,0.005363740045983724,0.005234222258864002,0.004070911334094429,0.0679884593721611,0.0044924813664032216,0.061264293016082834,0.02914183998111872,44084141.07370336,10736958.579232212,748725.5813953488,16359967.566321893,6205657.429094081,166276623.31249252,7726283.858253348,2753.586726904432,88431072.28264134,18211702.701793343,26951062.269464888,843829.4567436645,1361788.6869640467,43545436.94267516,2659512.216235103,3348.837209302325,3794829.7960367324,4420147.915135145,137941131.1377484,0,2753.586726904432,738.3284263654388,10242618.48524612,13307478.65903516,10248.608831418389,563.9210132955707,0,154.54642858093982,0,0,0,68438804.74628648,74.74179774460785,0,0,0,0,0,0,0,0,0,0,0,0,0,0.1842131857923255,0.04578219802724496,0.010686775398753784,0.00827083192872551,0.05822702618504362,0.8333088165587115,0.0014763572700913063,0.0016723587144430853,0.0013843245993438902,0.021631830734731888,0.001959776210184387,0.009651968794187598,0.007405360791098221
1720509673.41,0.5832272599142126,0.22919853774773544,0.05124615633707906,0.04104452551639239,0.2786774386392773,3.1734635541948117,0.005303522178128298,0.005501568394685253,0.003961009268090771,0.06829162867243023,0.004690869629756778,0.05893799892258267,0.028436403167394236,46752969.262551814,12113648.709391812,936812.5739887446,15552550.335813463,4835341.639758334,174711688.46741232,7092024.313055708,892.1803528642996,79458581.67617472,17624218.624075025,27993276.551508576,1092202.4761009247,1359025.5858113265,46190009.5457653,3001492.338078049,2983.9546870162276,3607941.3457883014,4540422.853816667,138657626.741355,0,892.1803528642996,663.4153364406933,11151164.187852591,13820945.021424469,9789.061275662123,1844.214317874831,0,139.48103248654905,0,0,0,70817009.39959116,68.58558965857905,0,0,0,0,0,80.18323121194918,0,0,0,0,0,0,0,0.14182523498507416,0.056883860061698335,0.010412405231339975,0.010146373332965626,0.07098831919022866,0.9508273300365626,0.0013698356448670367,0.001856867269906762,0.0014783162939204133,0.02139889157177111,0.0018599044941417452,0.010525952942913955,0.007647491346974084
1720509678.41,0.5811393322732885,0.21790519977232525,0.05089012716337523,0.04174355781815711,0.29045938311911346,3.1734635541948117,0.00490719592001444,0.005807144843400244,0.004347977869180629,0.06877626062063016,0.0045248151296073584,0.06159042634056044,0.029608110920206175,47704400.69692305,12538746.678211449,1102463.7701974865,18254983.121143617,4974999.511904116,177473913.19310963,8158226.573334696,969.0440226391745,80356846.64943764,17657080.065329492,37652644.53210978,837090.4078297,2077459.3838654254,47127869.140856266,3101797.5733546624,2720.861759425494,3387514.745627306,4679556.158143066,138657626.741355,0,894.5021747438534,969.0969315327777,11171790.578606427,12400138.42845775,9679.210728422047,1882.1273025132857,0,144.48806676858797,0,0,0,77146394.56678931,0,0,0,0,0,0,81.83162184840373,0,0,0,0,0,0,0,0.15017520158769165,0.056695098071409676,0.008080437841955173,0.008493492964601237,0.07163845270391991,0.8097310288145149,0.0014674628089988001,0.0015605085088350413,0.0016711111256030194,0.023755134888151182,0.00195502956824649,0.013853665775878543,0.007913640766434556
1720509683.41,0.5052463080192613,0.22868104001083814,0.05105599908782145,0.03744059735166666,0.28846268548372267,3.134804566177724,0.005242573020837121,0.0058264785689976185,0.004334177468801836,0.06984519625930077,0.004667872191942276,0.06314848748697585,0.029892104290811617,49243328.5669263,10281951.445086706,997826.1426491996,15753154.559999997,6730568.041028656,180641075.21746546,7700983.453943781,984.0043242377529,53082984.05828465,14306984.405259402,40949365.54467114,832776.2989757605,1883487.8556809332,48646040.70246251,3181280.9248554916,2543.852498786997,3653666.133333333,6340702.266502453,164125595.2242879,0,902.0039638846068,960.2539132943808,8620136.581388239,13485846.947042795,7247.134684569564,1706.3266378076833,0,221.96531791907518,0,0,0,75311418.72761385,0,0,0,0,0,0,74.18811468729058,0,0,0,0,0,0,0,0.14155804284248436,0.0661147772248465,0.010525092223263711,0.008575563421114108,0.06980759429173974,0.803520624321959,0.001271561012817292,0.0016536490318946025,0.0015739483934431018,0.02217012815203806,0.0019564875107586127,0.014313606866888805,0.008192192678175088
1720509688.41,0.5358231364882894,0.227734414449365,0.04923782042896635,0.04179655559837766,0.2859870024551211,3.154983203776566,0.005035232200939647,0.005832657360590739,0.004127682258859643,0.06676259816347416,0.004566249048602726,0.06223308291333136,0.02996687075089479,52223468.72220576,13019337.554441314,1095046.1558117361,19707992.438840866,5402081.954635768,177118527.8450363,7653465.558366462,172907.7880033466,53742846.39681584,14718369.02809987,40300863.32499728,837253.3254274138,2515079.885903236,51590033.797806114,3229893.0571313547,2307.637601974024,3657451.595734919,6749016.741093385,160269912.29486144,0,819.4681895893202,897.4092129046394,8870773.69098808,13272251.386321627,6881.312382646507,1562.7623044639452,0,149.9103319547634,0,0,0,61732984.66505246,0,0,0,0,0,0,74.4172525935212,0,0,0,0,0,0,0,0.13356544275715415,0.06739606257001277,0.010629534897749477,0.008774315297732493,0.07061581817073118,0.8447196308349734,0.0014634591123937942,0.0018457454475330492,0.0015740729515585394,0.021799372792718763,0.0020524626960007866,0.01632962758613117,0.008958993454366494
1720509693.41,0.524447525526604,0.22983979165475857,0.05208815767529364,0.04222962297579109,0.2823610450678946,3.1380855172715916,0.004973087709590878,0.005339744926628092,0.004002323792456354,0.06874815450304436,0.004662516050427309,0.06323169195177933,0.030124091423904167,50568208.16348519,14354006.892725656,1230584.1595905155,19475850.503218785,5401372.249102545,161904358.81662098,9467364.185110662,182294.50392875174,24885473.09337436,12710305.647062052,37630037.600473806,1017911.04122612,1887081.7315545878,49952120.09984377,3559029.6387203075,2290.944221284385,3614017.154773778,6735113.46964258,152321675.07410097,0,707.4819039925682,900.2349997464032,8938630.715154214,12393423.741433283,6588.6605577545215,1709.9192304201836,0,137.72002084629224,0,0,0,59528640.23264917,0,0,0,0,0,0,74.34431436609493,0,0,0,0,0,0,0,0.11339907817306542,0.06766155923759526,0.010873006310430722,0.010667457629672306,0.07034582772990908,0.8428262795251937,0.0014565749430619696,0.0020353212383608568,0.0016671406719795932,0.02510959069910546,0.0018561300182545458,0.01724149652645794,0.00970723724393973
1720509698.41,0.48519528134879014,0.22705013747182962,0.05242371292617573,0.0424887659751178,0.2825748572981938,3.1320244936642028,0.004895760455041616,0.005517882739246233,0.004100932276842325,0.06862737071709041,0.004942049717390144,0.06275462726352693,0.0302839530257683,46034349.661277235,14583206.173598308,1338513.6099048322,25474928.9128445,5122038.186509399,178358405.70950007,9630057.033701733,173425.079353497,27029523.330334026,12687974.8827269,33873872.79811228,1020483.8977843638,1897005.0368640046,45479450.76854464,3615993.443966401,2195.029104684468,6755643.784535068,4830577.515665315,148788173.1784583,0,821.919807362545,902.5836898837615,8922926.41491772,13396794.819733305,6884.158022192502,1644.4995985108403,0,139.86205012634025,0,0,0,53427199.06783673,0,0,0,0,0,0,74.74998175049274,0,0,0,0,0,0,0,0.12891817679064602,0.06735694068226843,0.01314104062740179,0.008952796769423513,0.08224388173985599,0.876572618029772,0.0014491864801848826,0.002028552720694105,0.0016634464405410497,0.025263367457191172,0.0017452521458898788,0.017508102866210306,0.01102889887871645
1720509703.41,0.509640536682962,0.2142941388615665,0.05293424485221007,0.04282086438531924,0.2825748572981938,3.116941546732115,0.004751296914778607,0.005732013341685997,0.004029424593420649,0.07302766261786217,0.00483307767603978,0.06297175052165505,0.030234536324010172,50965720.36936447,12410587.711315189,1315844.1652354696,21751036.49930783,5122038.186509399,200824494.8897257,7454080.91592642,160960.60139173426,49559545.035186365,13156189.746676153,33414826.389265142,965162.6036948445,1889694.7330185254,50353730.65363027,3080893.940746583,1999.3130253999818,3364951.750683729,4830577.515665315,183140596.01936528,0,693.4967746304794,896.4611603084279,9251950.465977278,13197359.19524661,6740.156411691859,1711.006175081729,0,142.7595542721182,0,0,0,62429159.763313614,0,0,0,0,0,0,74.3915728296404,0,0,0,0,0,0,0,0.14136664971970392,0.06746503415634329,0.01318758383155999,0.01087828809370075,0.08250349257600392,0.8367339571151382,0.0014531571256984753,0.0018347093901898567,0.0016654317632978461,0.02510859298641424,0.0016434537941402312,0.02030173986864526,0.009686271227914007
1720509708.41,0.569357408477285,0.22586299679295646,0.05239099831729891,0.042748895213410534,0.2804168740458711,3.1045467539895086,0.0049558948270427864,0.005322406085205474,0.0030900932516666597,0.073900814206573,0.004767829734325529,0.06348693134935915,0.029381413417945954,54710807.39934711,14186036.89096052,1514143.029593591,25296191.732866567,6730907.037327164,192211700.79606736,8340706.327318573,166271.56652738116,53968001.706666656,11852987.244445322,27060891.188678212,1040053.6883216898,1985440.5248397328,54040722.52448313,3521358.9896816863,1723.085927497531,3354644.4055473274,6353564.352467528,174877592.28144833,0,645.019008080358,525.6533333333332,8002797.31088461,6670838.273207658,4055.668628637439,1797.6982942805232,0,163.18074977092547,0,0,0,66326079.16651381,0,0,0,0,0,0,78.16079540350101,0,0,0,0,0,0,0,0.1521079959340967,0.078225491872194,0.01317471183715074,0.01080498234749882,0.08334975171185341,0.838952108195623,0.0014550303035802872,0.0018382914842826133,0.0014676512561222568,0.02479545720979685,0.0015477957896566658,0.020434232458196245,0.009705031048556807
1720509713.41,0.5059907704255792,0.22648526830245,0.05234978381449912,0.042914107675493904,0.27790463036073976,3.122340321942869,0.004796104506413452,0.005705843204892006,0.0033114308714355745,0.07366123448834772,0.004602275828262334,0.06359884064242775,0.030836632390141654,56663373.71316932,12968032.32735083,1516169.4436806892,25271028.70113493,5126637.905145578,199446024.36977607,8039214.809097613,371451.3739171338,53431711.46969669,9515178.58907711,25016686.950642325,1031564.8584051569,1879997.6871928303,55968288.025506854,3222641.960027667,1651.764274585281,3351247.6839007987,4843270.609778428,160030394.14588296,77.76975205178978,561.9536670455882,520.4290926251973,10028079.302642763,6166917.1061528055,8751.502860867677,1776.2359063313095,0,223.6703192689941,0,0,0,61241325.23245274,0,0,0,0,0,0,74.00982943047123,0,0,0,0,0,0,0,0.17143508463889756,0.08813407870798799,0.013285595378072843,0.012713991428490305,0.0957406140581331,0.9794523859862727,0.0014475191723821177,0.0019267307512603894,0.001264483741968172,0.024862419678476043,0.001544040224057581,0.01993067646030101,0.010838502977998491
1720509718.41,0.5400285348217568,0.2133467192190804,0.05300717671510023,0.04295345998778253,0.2771267550074251,3.09017469435337,0.0050026969813603125,0.005683759325995909,0.003376285088523139,0.0721376122533137,0.00451866560954089,0.06270066425347703,0.029806419950005953,51693371.554575525,10880382.764137931,1526677.2116976273,23847953.647655547,6714434.278677243,202956874.6083789,7760411.429409285,369346.13811239897,26977582.346688174,11815703.24987727,26170216.234874144,789471.271990421,2064008.2529857557,51054735.75891217,2706692.3549425285,1054.6992826926614,3689592.1215823484,6337087.181716107,173691215.73770493,75.07193783105149,558.5273205415408,600.5644954363844,9965686.637211585,6451221.507677984,8903.527677995764,1868.9838511288337,0,156.3071264367816,0,0,0,75035814.61543168,0,0,0,0,0,0,81.26016744038408,0,0,0,0,0,0,0,0.15844412927924767,0.0782729630966452,0.013123722125378946,0.013031296534698356,0.0820750633137878,0.8794765789866262,0.0013518554433090797,0.0018314491420653822,0.001067639247705389,0.024204597236811915,0.00182995101583491,0.017280344962199736,0.009463648571096717
1720509723.41,0.577331486568687,0.22700376532342312,0.05277896472980239,0.042890846903842934,0.27809952068576116,3.095409095788256,0.005040311511045953,0.0057909711209398205,0.003376285088523139,0.07167473883025156,0.005176776337115054,0.05707225566166667,0.030495276921274208,39439280.73308086,14641598.876539193,1395043.4198144912,25221296.99614029,6353544.536837423,212543300.5528718,7137405.793438148,379458.1223607581,26977582.346688174,9554705.81699865,20209832.425837234,530834.7733333333,2320237.0310852206,38960102.66271608,3638706.5129900156,1101.2232826992874,3344849.00151032,5995706.943161209,200159526.84458974,207.06738789747737,655.7928232633537,600.5644954363844,10068615.506705815,6644242.638355217,8560.64,553318.9373775924,0,140.29559349899813,0,0,0,82078449.62297204,69.02246263249246,0,0,0,0,0,205.69477225932806,0,0,0,0,0,0,0,0.13822340036226846,0.0891078278428106,0.013042436827808063,0.012947535531194406,0.0684803647068643,0.73435722913371,0.0012578050034729466,0.0016410661841752727,0.0010693024351477395,0.024204300152113285,0.001643319831604093,0.01736509529153926,0.008222078957767638
1720509728.41,0.546913504210078,0.21283618205993032,0.05232143123811614,0.04308243156284525,0.27780505173647424,3.084452666974635,0.004991030175412898,0.005752655543478262,0.0034236681270337797,0.0704348475685971,0.0061087958208845316,0.06497709977891652,0.03128599232419635,42277600.74319841,14902432.617124738,1330436.1562088637,25546620.073085748,6798637.092483534,197161747.8246262,7754005.34661442,343633.6231884059,26758364.04951917,9556927.008312996,27242154.402272142,744944.2492587706,2560056.819442903,41768813.602654286,3699986.217526031,1198.1863390375897,3387284.4395342907,6403592.933017777,183055352.25936502,899.9890138059837,816.2318840579712,595.6843425621262,8058644.128325694,13426709.45372727,8213.19988345987,609937.7797506751,0,142.8400655339548,0,0,0,81831791.16411893,74.99908448383198,0,0,0,0,0,151.51851440831575,0,0,0,0,0,0,0,0.16384430056968882,0.0780480000558517,0.013251996112315551,0.011120636885450095,0.05732600210490785,0.7341994622014628,0.00135807696453487,0.0016469265502712048,0.0011672169778042514,0.0240470040794386,0.001672726133673175,0.017196042639407525,0.008136425498422813
1720509733.41,0.558197568440361,0.2269214000039733,0.05332011695243667,0.04286479575937971,0.27780505173647424,2.890661500948008,0.004381827761666666,0.005617113380102789,0.0030880326381610215,0.06978682035536317,0.006126158524860753,0.06381445496723505,0.030263228967737272,40634106.62358642,14157918.350318853,1145181.8813292875,27613644.65512806,6798637.092483534,173829522.766589,7763749.546666667,370595.43118441367,26600978.783388145,10103205.516685963,20078773.74063526,978207.2235298101,1878074.0740740742,40143267.63597199,3520540.357987167,1048.2214016744051,3661685.2239738354,6403592.933017777,167419604.68705425,901.12,720.3798878314736,296.0928181588173,8518368.752202144,13206288.025831262,9085.73073471392,596370.3703703703,0,81.37155571448439,0,0,0,76225556.19482917,75.09333333333333,0,0,0,0,0,148.14814814814815,0,0,0,0,0,0,0,0.15932123958378283,0.06791117155808456,0.015602484596565633,0.012903474840236767,0.07012058631599247,0.8651882829487066,0.0013525042213281293,0.001836303748960988,0.0009692652321804726,0.021867032105575557,0.0016417376601620224,0.016189453545650715,0.007825420341267724
1720509738.41,0.5871651199448529,0.22752194695634803,0.05270462413248632,0.04307419642791787,0.28059246938262294,2.916494043405094,0.004911240018985377,0.005797509182399904,0.0036351721868830857,0.06988846607804985,0.0064700671276002476,0.06375962172900651,0.030690102881854846,40231774.93606138,15533832.040545696,1150303.2350457164,23575348.534201957,6661931.993317886,175382959.07370773,7730649.482465909,375461.9331576758,26905586.89771149,11052613.678916259,21999799.79277915,1067297.4571259608,2514878.8021950065,39747846.54731458,3859982.778978728,1052.8403040428889,3646943.6006295066,6277575.61387437,168915758.4376088,897.2781540371311,568.021078907225,598.961760620019,9318742.097727522,14505918.546266042,9613.24659964518,599209.5068503106,0,74.40643790077931,0,0,0,78048466.14265849,74.77317950309425,0,0,0,0,0,148.85343605770976,0,0,0,0,0,0,0,0.15818683123760405,0.06843331305676537,0.015494784426798126,0.012989141090996232,0.05774639042305196,0.8182805218119797,0.0014495666191728846,0.0018360142287797872,0.001158938302765944,0.024085228382942782,0.001641088340680213,0.013979509702016644,0.006672894477760571
1720509743.41,0.5557763133695025,0.22818315986567425,0.053056641031640324,0.04311767437476859,0.2806563922794365,3.046788551759127,0.005124383257570203,0.005982003652901316,0.003590676438193676,0.06862943995071247,0.0067088502273605025,0.06433897350427352,0.030800716225279617,35146205.557676174,12942512.397894355,1305940.030956409,25294030.495809354,9327945.002358967,221359279.09926435,5176083.877117091,519340.8704863838,24944199.27137169,9582378.599678041,18526741.95009816,1053235.8610656485,1884693.0955099973,34721950.534877956,3222375.022690143,810.9139339836579,3354048.94139823,8795895.666239806,159457702.81187192,900.9458171420192,523.6799327866157,555.2486655934932,8076325.059125147,12215904.022014532,10130.132751409348,597764.8956803888,0,148.7021237974224,0,0,0,87463551.19324058,75.07881809516827,0,0,0,0,0,222.74185654467348,0,0,0,0,0,0,0,0.15944023350022923,0.06787064554008766,0.015592868072881176,0.012703769641388885,0.0702374668706974,0.7721471063644475,0.0013542900130293128,0.001741394306336949,0.0012543202360912244,0.02732456619462912,0.001832999715060623,0.01464361870841005,0.007053072168243681
1720509748.41,0.5722231750111374,0.22869928478876123,0.05278493000663259,0.043002157801221526,0.28256685938399057,2.8770216292942807,0.005036591482274566,0.0058222065412364965,0.0036805529396462164,0.06834021501799542,0.006644414550224015,0.06256801700748041,0.03062453227075595,34556183.81823789,12159157.63630784,1210294.4091139636,27813985.4155099,7827456.693179896,174605662.22148108,4800036.980388158,378137.52142543945,27353906.34755463,10948427.672955975,18807538.18113683,796631.9755121262,2534862.371218914,34136842.465988144,3634052.988713472,559.3226951738129,3688446.8628539694,7375988.627517347,144190748.57524502,904.9318513986608,408.1795352174433,532.7783558792923,9230034.536663394,12401027.747968726,10163.771712158808,603303.0907460612,0,139.6665189074914,0,0,0,76610594.90071082,69.6101424152816,0,0,0,0,0,224.8613830585394,0,0,0,0,0,0,0,0.16666504120664022,0.0572750062909737,0.015602812446096204,0.010794214873107194,0.07048300309651935,0.7571595533227945,0.001451170668065772,0.0017418976501007925,0.0011586688701967713,0.023594980703906775,0.002122886628928899,0.013219200589643447,0.007538622707762031
1720509753.41,0.553503058296387,0.23060446324535486,0.049613606953368125,0.04290170673440892,0.28289378077056704,3.044663502784434,0.005052356847368611,0.006069190774539182,0.0033834685812323562,0.06332285178249723,0.005739740343333381,0.063463960666534,0.030498632026728503,35339867.34253156,11313160.284756787,913456.8722666773,25284174.357766524,8438267.815020023,190748227.47983396,5080180.4381452575,344624.861527286,28090281.905329403,10573681.040870605,13475198.293333333,792951.0955112084,2526937.28661932,34908686.730696976,3522483.6502805925,578.0000773656109,68.9086657357716,7953746.374823999,137921108.10354722,957.7322925285084,371.92408971215843,547.1589740275477,7129618.433286678,6658901.333333333,9559.877693546345,601915.2502145218,0,162.44621150528465,0,0,0,74911359.54639037,73.67171480988526,0,0,0,0,0,224.34411114965405,0,0,0,0,0,0,0,0.16354794464100889,0.05701776817620281,0.015631430530983224,0.01255593786901165,0.07082854624953508,0.7584790520563369,0.0013554436431548794,0.0017416736064616099,0.0011598135811988607,0.020157642544079816,0.00203572990970443,0.010739854222798759,0.0065844258506140224
1720509758.41,0.5685656514530484,0.22809990807990788,0.05221501424203004,0.042928723273620344,0.2830294748407516,3.043555843974502,0.005234891699270772,0.006038862821864176,0.0034554182662425523,0.06788429665828119,0.005936483022624465,0.06498789899433045,0.03130213353898025,37279710.498135224,10605021.7221789,1047199.2025814735,27140364.056631032,9228922.55919234,183299004.755641,7780827.538068735,317707.4403118674,26908987.31307813,10250721.784063095,13303363.18552036,739801.2958963284,1862112.0177908498,29465154.75794838,2648156.5482158107,761.19680356811,73.96706154290668,6967187.53255078,114874018.5503727,978.0863687294502,685.3050912680487,524.1490256297758,6913531.683437586,6573987.330316741,9261.339092872571,591197.977008196,0,152.092384241209,0,0,0,67550084.25242,75.23741297918848,0,0,0,0,0,220.37697950106707,0,0,0,0,0,0,0,0.16594620693050605,0.056251709267021874,0.01542270092178879,0.010671946334355894,0.07097475364225224,0.8917771862201795,0.0015377417963935139,0.0018273001415250354,0.0012489220304016588,0.01708094144132815,0.0019338084565462606,0.011114098350910599,0.007951661973920297
1720509763.41,0.4735257172912335,0.2261663873490531,0.052379897738591495,0.04288193001199172,0.2820037915537733,3.0521424979795957,0.005234891699270772,0.005762578499041418,0.003417314778101302,0.06473683148332288,0.005986594589167385,0.06586620125184092,0.03124711160391781,34397768.609131515,12003488.580174241,953622.9018334746,27307187.61582906,8333386.799609841,170612288.21764353,7780827.538068735,183275.5955601674,28190533.799806952,10633829.243616268,13417747.969112251,813770.8394698086,2325078.5074677016,27186367.238381013,2994878.805207037,831.0768436197292,74.42130891384134,6293821.176980601,109031357.6315263,978.0863687294502,787.943231127117,470.6685147226289,7171679.15590476,6630511.692436883,4147.275405007364,553812.9462560691,0,137.77792727639678,0,0,0,60761894.45889178,75.23741297918848,0,0,0,0,0,206.44120760042335,0,0,0,0,0,0,0,0.14137704486993558,0.04545294414261598,0.013111892632340768,0.012641214888247383,0.08273977197455806,0.8930759363371332,0.0015354695293842869,0.0019216994926910171,0.0012439817825204084,0.017377306627355885,0.00192682484966163,0.011036219408826493,0.008052164775966573
1720509768.41,0.4558863420340542,0.22556791699864776,0.05360595458961535,0.0429529583666788,0.283247435109265,3.028161186454308,0.0050443356578414155,0.005923392032667875,0.0036080456040860154,0.06727739564576855,0.0058643076216532706,0.06586620125184092,0.031411666759434485,37161596.17119189,13037408.866634993,747467.3095606491,31234719.243361227,8332774.571067365,142748126.70890296,7154444.414426583,172909.18330308527,26754845.37506589,13150394.208908534,14364096.462771155,813770.8394698086,2567732.5318193627,22046771.83617119,3249209.8972990755,958.0079881976179,74.49981811567844,6302972.439949431,133618070.9648314,899.0949615020936,743.3756805807622,521.1480087972809,7399708.844873684,7098159.077584522,4147.275405007364,611534.9734684033,0,74.8510653850371,0,0,0,57493537.070830144,1771908.6856679723,0,0,0,0,0,227.9861961482801,0,0,0,0,0,0,0,0.12161441754427789,0.03553601517173599,0.01319705550642666,0.010830401258875369,0.08270060762754392,0.7443449588776923,0.0015363299090690864,0.0016355359204165013,0.001341355124756587,0.01968086862429079,0.0018314369946057728,0.01401143407953342,0.007962237049583383
1720509773.41,0.4315824194770252,0.22551733762469667,0.05301953481637012,0.04266127314517423,0.2833913479558396,3.0385624472601127,0.0050932348518111965,0.006029549084323484,0.003798148313095314,0.06746170575112004,0.004783708249986443,0.06498485651825403,0.031165078958269556,35180460.80440179,12023717.444055002,749701.3774503592,30164422.033081744,8450948.131602556,137656554.40576982,7751751.189169411,161186.14806540066,26757500.472624157,11023883.843832862,12957218.690213513,1068398.4551482913,2494942.9965960057,20871428.36580513,2997733.081693179,815.5374952486106,0,6394061.5536718,133521700.84666038,974.1675814123673,623.9463796080026,670.1083399985458,9291632.001462925,6402754.004164223,4104.058879253807,593637.0873331773,0,69.02129954165544,0,0,0,56920142.991533384,1919859.495060373,0,0,0,0,0,221.31368982223586,0,0,0,0,0,0,0,0.11158465455211948,0.03441990905267919,0.013158577001578485,0.010607622350088148,0.08328561798578625,0.8380467722492564,0.0016291253285290025,0.001920710424399976,0.001531853582968947,0.019845874260576258,0.0014438922389971372,0.016576094030303714,0.009292669248308981
1720509778.41,0.4035247543107864,0.22488273667060615,0.05381215586383311,0.04273981172501055,0.2846396462012693,3.0413303220647965,0.004966438761751724,0.005860408414263071,0.003818680599959193,0.06704039779956464,0.004775382528127658,0.0604021673854421,0.03132693310081893,34427406.562638715,9643822.117170354,813396.9303423848,25353047.996625897,8368837.280145059,134582312.17675617,10432805.009142792,173443.57997922855,27800624.079846453,14232495.840434687,12934667.52420574,1030224.8898453471,2959097.5705664116,20398603.06620685,2407532.399122067,967.1782762691853,0,6323065.3853127835,108013626.23600516,832.1974104652666,597.051910427637,618.874676903391,8578922.394154672,6391610.442269732,3864.685241517801,563584.2779230992,0,276.61657943609663,0,0,0,52919768.07688497,1938187.7689736057,0,0,0,0,0,70.02786753517634,0,0,0,0,0,0,0,0.12725777768629143,0.03357653975299732,0.01304634903889885,0.010497869483416931,0.0963965414103753,0.8479271804379254,0.0017231759590030505,0.0021110935729280003,0.0014360679319683645,0.019951960295726684,0.0013428851260125865,0.017157566256797926,0.009488350506655176
1720509783.41,0.3699861547238056,0.21059253092279745,0.04997378053403158,0.04060584725143748,0.28231582953117634,3.092205274550986,0.005012383616170245,0.0059144379487179495,0.004007659186726477,0.06460139715659446,0.003909204755747332,0.06349118650860758,0.028000730725,28121223.639517598,9962338.413993593,727030.631315796,24628906.10650307,10842868.540914088,162008695.24913093,8224687.1966137225,319691.1643547709,50044605.46715626,12754590.154377138,12343026.952593662,1001453.782933676,2539506.3466666667,13879752.555578459,2481028.446415373,859.0357991127956,0,8533038.479660751,98729677.86790267,159.061784008388,344.34636401849514,765.9458724330206,8965113.834467268,343.91845371038977,3740.386241417797,75.09333333333333,0,285.79161369795514,0,0,0,62482391.65701043,2037740.5149314587,0,0,0,0,0,75.09333333333333,0,0,0,0,0,0,0,0.1012045405828081,0.0343414105521662,0.013043238297293933,0.010495726663135191,0.09493350261167485,0.8519840191712604,0.001624341051431398,0.0020115701189487834,0.0014346907680044686,0.019739874721762814,0.0013421965440306386,0.016572635514366062,0.009292351633660753
1720509788.41,0.3863286318044848,0.2218753850213835,0.05275125394336316,0.04068297230561476,0.2631755140353278,3.097777458181023,0.004691760089786748,0.0059092069874018965,0.003940316415307827,0.0673477384236902,0.003967480559136865,0.06494312542651218,0.0313078066398695,31582784.01753219,9693486.660783382,767437.9854256987,22604872.450502623,10472857.872494154,173944188.17546088,8113089.920737969,352701.18930552725,54609230.26694122,13179379.170842825,12468869.376399538,1080557.7593285283,2332541.078726518,7801523.108832623,2416906.930961917,906.779817360022,3496284.852013772,8240110.860943472,81277396.05848695,156.9020252328067,379.9840436387925,759.8271096518079,7416764.355353075,347.4248490194748,2615.8197244776934,895.5414655476885,0,278.05308533025595,0,0,0,64752701.84361093,2010071.8452574864,0,0,0,0,0,68.88780504212988,0,0,0,0,0,0,0,0.10112142981033877,0.04425248342736515,0.013072093415071777,0.008503253411500171,0.09461454463206036,0.7603857466978766,0.0016293098256042957,0.0019184618256135495,0.0013404282711294482,0.01931751515512431,0.0013438633284208136,0.016988928368758534,0.009308510427204403
1720509793.41,0.38356789841977473,0.22004506977843025,0.053598783314478614,0.04284751857942682,0.2800908389288862,2.9255852499199677,0.005030773253703167,0.006003195493300854,0.0033388382102130347,0.06476720884113223,0.004245356870743699,0.06196689021105918,0.030745522249101966,24133107.670262307,9638342.327747684,930350.7694517769,23807569.541196257,10150328.533646781,153630854.51954317,7691673.540516992,321654.3510623901,73832923.78691101,14275523.179331187,6195576.292900005,1032947.6275801426,1908448.9406934974,38966.04704852127,2402276.109957981,809.0646267665069,3682305.4380162237,7983694.387305318,77236314.11232789,148.70752250943946,346.4609554743538,410.92866936427777,10038747.703794418,552.3565504686129,1791.073012172532,975.8815336119052,0,276.481209605292,0,0,0,49809648.66568471,1905092.0708684288,0,0,0,0,0,75.06781027783886,0,0,0,0,0,0,0,0.10107184265936286,0.043286968878278535,0.010967044547808075,0.00842478173850448,0.10732447934493798,0.7614089678872025,0.001533930589081755,0.0018239213447453456,0.0011506291393610349,0.018674275079145177,0.0013439007852715185,0.01679332225176355,0.009306610027447678
1720509798.41,0.3822177508925969,0.21922868694692296,0.05330871548117155,0.0429933681325685,0.2789480788479439,3.090633454272947,0.004818065536519386,0.005835024636201175,0.0033641251887564796,0.06511363111458769,0.00416101902636243,0.06495552206967943,0.03134692709621118,22092106.091518506,10504614.184527641,757428.4154993633,23460088.937448785,10098069.028454617,162145919.0466557,10187110.261496846,173809.98577628648,80335701.62830894,13149582.434374487,6724031.247141472,1002399.8506626842,1890873.972801978,36187.70037889828,2613361.7882439517,819.6470802255776,3628929.9462806154,7941406.048659403,75231430.93587361,147.73669972948605,373.463656588497,447.1208951150733,9248207.818668025,524.5421781526134,1876.7627742800412,968.075049087339,0,226.0693588446325,0,0,0,60979005.094065495,1892654.8602344457,0,0,0,0,0,0,0,0,0,0,0,0,0,0.09685173285844963,0.04281734495360235,0.013064011817456594,0.008520983609465172,0.10543821690429277,0.8934909359873369,0.0016214136855445308,0.0019107477575073882,0.0012394255538779677,0.015586030532177188,0.0011436747754763697,0.016878529138825493,0.009256863649454957
1720509803.41,0.35394429811892475,0.217978420420366,0.05391078127339455,0.04108492887355228,0.2754509501090188,3.0803561873400986,0.00489009578149157,0.006133281801637852,0.0037687168594842343,0.06491761010545914,0.0034835706927400273,0.06598473210183059,0.031012383143012513,23830254.299319193,12919952.165247327,572289.7365201672,20755726.856911533,9169762.695738353,188361174.76830277,7798925.126996982,346389.66333030025,59124790.87330281,12943934.96983044,6642462.272505468,1093971.6890239385,1886223.9622983506,8220.691826374405,2567811.270157637,897.4747566965508,3852351.2063315827,6926258.870168482,69308531.13298656,150.7767061768387,372.7024567788899,658.1505583674782,9104177.901917601,444.1633080913051,1669.6064626102427,965.1622258473809,0,296.86537416198587,0,0,0,71823413.090256,1931600.3828314806,0,0,0,0,0,0,0,0,0,0,0,0,0,0.08965491114127722,0.043617518553474885,0.011010863181487507,0.008571343636792818,0.09448142254379491,0.8976155174997228,0.0015295645195856186,0.001914355134951254,0.001244782554229622,0.01670323705249662,0.0009488521129157339,0.017043203578685877,0.00813793961894905
1720509808.41,0.3576461985884886,0.2050634289076754,0.05387076682579295,0.043110877629030896,0.27602005712353567,2.927489993320533,0.004745271971935007,0.005807984089144138,0.0037155142571558618,0.06682701842836021,0.003421242805164591,0.0651496141243347,0.03127211143304752,24153734.4843398,9970857.551305767,751251.8172941305,21694143.100109454,9207262.48582851,185843511.30089146,7823617.134416544,343681.9996026801,53497593.60290777,15198067.00566194,7070710.084411729,1068676.490821536,1753269.881912976,8411.012978727646,2476384.687779768,814.7264113413621,3355774.825292582,8670302.524016947,52287650.37187742,75.62776957163959,369.868703834137,595.5111313039528,10996155.07230697,472.7990695026231,1557.1888917049855,1172.9865404376465,0,286.48596573111615,0,0,0,73951880.53333333,1937734.7119645495,0,0,0,0,0,68.99920826103802,0,0,0,0,0,0,0,0.09069779540743114,0.043479122841861444,0.01102363243340255,0.008677573136268291,0.09493545459858695,0.7621988390489053,0.00153258873923799,0.002013903949594676,0.00115039397094794,0.02049152536195514,0.000949920108212683,0.016811710100598065,0.007877147553498123
1720509813.41,0.3587172664056609,0.21856623485684223,0.05440160795976062,0.043253260090675656,0.27696537224522266,3.0949061656280095,0.004342443107523416,0.006031009893139677,0.0037057476350431306,0.06642542382734443,0.0034525078393392167,0.0646496117204638,0.03098339328956424,29008318.954060562,12094256.648733048,768084.5908139664,21536785.748675976,8368982.626145752,234754742.8391688,5409168.364227115,342778.80092984706,53449100.02723559,15306536.060749192,6716140.632994665,1087972.8648588862,1935747.9494857443,8165.2239502891425,3000971.1987237143,601.5346770936594,3997807.0935644363,7884464.917831251,80453743.60587414,78.40624395522642,221.43333393400974,594.9704947798457,12916024.561276024,449.0899788027191,1585.6360720408502,1295.0694664013245,0,278.0672425790465,0,0,0,76316509.77423215,2008924.7826208111,0,0,0,0,0,76.18055684713673,0,0,0,0,0,0,0,0.09159356724356975,0.043829095335965136,0.011252641347353133,0.008614442551748354,0.0943896773739432,0.7620977796613687,0.0015359144609854148,0.002113243463013388,0.0011543936444985091,0.023908656202482396,0.0009539197817632519,0.016401210586981983,0.007811111899959373
1720509818.41,0.36008586885245913,0.2202247494749896,0.05050246397078208,0.043682581172458386,0.2771513533943012,2.918391069474086,0.004502861759925269,0.005577325602634661,0.003533270616735661,0.06626611546512907,0.003380230770641534,0.06388760813136808,0.030546425888640767,29652745.103078593,11399887.517750358,736281.5812260641,16838067.462417435,8461462.862566855,224691436.51508188,7450053.1221820535,359455.60730679164,74283532.31721677,13262772.485217964,6740528.921982173,879572.341477891,1904954.1311271368,8496.833293558277,2825231.544630893,504.5492969733185,3906296.7797573544,7965528.576383185,52031193.837143265,72.01528377862034,0,551.2600518152148,11190854.456645487,450.7207570700216,1701.770699376793,1274.517699600981,0,327.6865537310747,0,0,0,75115094.67423405,1845175.6009758106,0,0,0,0,0,74.971629388293,0,0,0,0,0,0,0,0.09291818512586872,0.045544957562307406,0.013685018410503246,0.006708813898139858,0.09488098142987086,0.7626520075756861,0.001531290350106733,0.0020141656365789953,0.0010590594453107065,0.02391162181817778,0.0008585855825754492,0.016814675716293453,0.007878543217445678
1720509823.41,0.36456940130254606,0.22014456473289393,0.05080257315207877,0.0433610762206791,0.2801723196573876,3.075192462196693,0.004532638848213339,0.006032125474634831,0.003432580354239783,0.06626611546512907,0.0034025824018101363,0.062026533139331055,0.029542325002549847,31880735.425300967,14097526.75019298,740656.9095798137,11748630.251335045,11086951.057815846,265714327.23329264,7499319.766684528,325418.5338487326,75563647.26619321,13262772.485217964,6206039.647428321,569886.4195225122,1313178.4663762185,8487.86264061575,2795362.1123052863,507.54756407818854,3632477.955783986,10432152.394004283,69357295.37752473,72.49151546804312,140.11562275510553,490.6648412766322,11190854.456645487,484.1444057951437,1561.974563580957,1315.4224222730372,0,324.2879480632583,0,0,0,86231988.07103157,1857377.6093222008,0,0,0,0,0,77.37778954547278,0,0,0,0,0,0,0,0.10976567127216007,0.055688497281212654,0.015883716784078124,0.008525938345078215,0.08240176692328488,0.804935164739567,0.0016276876506703293,0.0020135600126728733,0.0008660963615361949,0.023715421173462627,0.0009546496408080148,0.013742759566668834,0.0065349855908510834
1720509828.41,0.3536971745653726,0.21977598155938352,0.053978784488721676,0.04337053150888763,0.26546487878021063,3.073651793233779,0.004748814581600726,0.006047719786889666,0.0031143984883548618,0.06657931198006133,0.0033073924164760578,0.06461803336322264,0.031196398416208155,29600572.737098575,15495208.848594742,881006.5965954144,12959245.877905574,9787966.858819356,277886135.9914033,5595887.687616332,481061.7750202319,77481330.33934635,12160530.261695463,6136579.834037366,756180.3508890655,1785176.6682093213,8329.016066096323,3199336.210335449,621.9357886390094,4007543.7947398056,9205689.892919753,50589174.343202285,0,138.1170758025357,359.37037211609464,8554681.755414099,410.33175830230573,1663.153264418766,1193.5345640287278,0,297.0806890299184,0,0,0,81660765.25734612,243.3170963526197,0,0,0,0,0,70.20791553110163,0,0,0,0,0,0,0,0.12225078582146408,0.05545415237417865,0.016067462702552784,0.008709196298323424,0.09476838164594782,0.8025387438745986,0.0017240255537208811,0.002012085464335175,0.0007701645645790685,0.02128694965509469,0.0010500472201192717,0.013919386418772838,0.00671800199286121
1720509833.41,0.3536971745653726,0.22099952566457226,0.053755172824923404,0.04352525638203829,0.2796987965066143,3.0632149206997923,0.004812587078345035,0.006022257600352712,0.0029604327019488366,0.06556457807193722,0.003335608299632676,0.06477547682846475,0.029552569742579006,29600572.737098575,16520124.195263412,775096.6741722344,15499386.963502858,10195322.2391428,246594794.57947946,7710126.414613733,381370.6887913586,107330463.01934259,10985461.530034693,6817903.164768301,815811.4063987115,1228428.1237924309,8329.016066096323,3410310.9908168195,453.582370528958,3595647.9099388407,9595460.359980185,48943631.748763174,0,164.17162668590555,373.3615299072065,9270780.35420851,303.9364820242645,1724.2843546379677,1229.2235037065939,0,158.37602706621556,0,0,0,81325144.61891447,223.57265019467997,0,0,0,0,0,72.30726492391729,0,0,0,0,0,0,0,0.12325186957276693,0.04594459822923655,0.01634792122367601,0.008798320109542167,0.0813297099348531,0.7883149675364385,0.0015334009436223774,0.001822906575281309,0.0008653692995728684,0.02394405468115509,0.0011438062480147982,0.01344085228167219,0.007758802234669362
1720509838.41,0.33766014393013144,0.22450341632458806,0.053503696316393234,0.04328522666030762,0.2792420617951805,3.046373046206784,0.00471043991632874,0.0058839554236102395,0.0037296528522584122,0.06830954367862153,0.0031440483581463463,0.06465926715816377,0.029293654196903572,23104283.082465377,14121196.97780951,766708.7893078899,12807712.253090099,9436657.769336428,277447083.146722,7777732.7290409,341510.8974473963,105943257.44106533,9648045.521939492,6426359.250140705,584625.1843114125,1320705.7022708736,12020.674655651845,2799952.723739267,522.0779693730768,569.770676841143,7411475.453204225,49697566.58838095,0,220.42441745744168,26356289.508727733,8143990.38268884,286.48177826946795,1932.6452373930993,544.4926035629964,0,162.4526543320047,0,0,0,84607191.36308192,0,0,0,0,0,0,77.78465765185662,0,0,0,0,0,0,0,0.12208639640581709,0.04526450916573897,0.01850940318467714,0.008736833774558628,0.08175487733961731,0.6520838202358329,0.001440582199340764,0.0016349495944168837,0.0009670364651959522,0.022060204002054235,0.0013406116216722077,0.013594611352228484,0.00797946378486915
1720509843.41,0.3617276619578942,0.2260787449101083,0.05033274537598315,0.0433383296269598,0.2790356163151679,2.851414815985952,0.0048777774334578475,0.005712659659519656,0.003811274651245994,0.06850074362528728,0.0038276766864941197,0.06359967970168484,0.03137583590609571,27580669.737605356,16954013.255546294,606285.4702673063,11614880.08650207,7863670.3897418585,244076571.30463657,9466927.084205767,363755.5947778815,87743137.71312745,10980964.651807535,407.4243539499074,582561.0589406688,1276518.1255850664,11809.874773944794,2798372.504663253,545.0806950772084,516.7057127410343,5929213.969967943,71732452.6544157,0,391.2191813055297,29104700.131155357,9269977.310035383,325.93948315992594,1919.212822865621,526.2752152126429,0,162.55903480573082,0,0,0,82546632.31801173,0,0,0,0,0,0,75.18217360180614,0,0,0,0,0,0,0,0.10685950193018184,0.045386973328262616,0.018493042816241367,0.010835719040095304,0.0811856383853404,0.7441425228597657,0.0014364772112175715,0.001729557238439872,0.001062298510335054,0.025398419842222724,0.001339444611414073,0.013383145688198032,0.008066218417012837
1720509848.41,0.36244789074929085,0.22871174965098215,0.05328250294139008,0.04370549719652368,0.27988865487082204,3.023575364787004,0.004833740420501563,0.006101900157993986,0.004230180989984257,0.06936379816889861,0.0036273788875832284,0.06346243924316475,0.02876441990537246,29973004.617010627,14001881.668206932,767646.7426828383,8603666.947014296,9354054.088535983,258813240.35387704,9542230.853668835,485287.9397923993,79970926.26736458,10283657.8300082,80.21934978456719,588163.3790653398,1306816.8787022885,12151.823626485695,2080658.7883673827,520.5897305541434,574.1519484160358,7347688.62999211,76063459.96580179,0,347.92654129079386,26526928.368319057,8681891.227111233,160.43869956913437,2170.641229464759,308.502568154459,0,161.07910415478693,0,0,0,87530569.92045201,0,0,0,0,0,0,77.12564203861476,0,0,0,0,0,0,0,0.10768130999421521,0.03730442752524408,0.018310922491419992,0.011022549863132655,0.06858774437645379,0.6894977733017097,0.0015330485054293585,0.00173004341585048,0.0011582358762047436,0.025583308793501475,0.002010996273604465,0.013106662234277717,0.009222400114068253
1720509853.41,0.36175873585731466,0.23245018834337658,0.0533527560789445,0.04365990272060303,0.2810692614510136,3.021298628088072,0.004885681965582047,0.00605009123299304,0.003907142538772083,0.06589173253687784,0.00480499299655356,0.0640159452033037,0.03075130431918008,29482101.76168071,11258395.969574237,770651.83731327,11787924.840368114,8551705.38243626,247178889.9094226,7810051.811180307,351988.77586811647,107541567.54288219,10547178.99958403,6752334.396137047,595029.2249047015,1270254.758418741,12474.596053543422,1398296.6314333696,595.5003089448624,524.5805660757085,6450359.883742319,74286589.38846636,0,378.07602134061915,26754527.59256891,8903468.38444012,6672994.636834442,2033.0368487928845,299.8535871156662,0,161.84925417366395,0,0,0,79901777.05977383,0,0,0,0,0,0,74.96339677891655,0,0,0,0,0,0,0,0.10808350028120993,0.037114897390644656,0.01626752787324212,0.01300226504889331,0.058070127263997795,0.6515843820945127,0.0014416243086400099,0.0017336059350235144,0.0011635098137029263,0.028260450452249775,0.002016270211102648,0.012995797352726386,0.009259317494816276
1720509858.41,0.36215053526866986,0.23153210416477304,0.052341058072328965,0.04084689254830782,0.28491069217146164,3.025326804251615,0.004912559816002416,0.00614215101354193,0.003907142538772084,0.07074392488562421,0.004555799507489115,0.06039065481366065,0.03174471306066392,33751754.263475254,12947050.264502171,966187.3360121832,12274910.255795894,10049841.260662138,223771080.31633174,11855886.64674479,320748.2546892085,107541567.5428822,8780235.860233674,6402149.126624656,852687.8882407653,1162749.2044350652,6680073.894670029,1927262.229816939,676.3912588759839,546.2313214576315,6324906.173196473,98969232.24261773,0,413.42417360585415,26754527.592568915,7412115.268942639,6326924.035430065,1959.1211475065834,274.4112819482129,0,148.92108564053154,0,0,0,81532480.3018211,0,0,0,0,0,0,68.60282048705322,0,0,0,0,0,0,0,0.1238536420004757,0.04632443143667459,0.018095068609757268,0.014842368912678981,0.05573904659998258,0.6903996025465803,0.0015307994423428548,0.001822747244440439,0.0012527188349996138,0.02798600172242069,0.0020162363586846586,0.013868994520276448,0.009508160457120277
1720509863.41,0.360952278024501,0.23028867051673962,0.05296480141895713,0.04325527971164497,0.28357078155421567,2.84003325547132,0.004999429393266737,0.006106749522182566,0.003871981308242771,0.06944271920231586,0.004684304576075202,0.06514013176210645,0.03138352681414729,27099524.794288687,13040156.687594958,776110.1606813914,11699828.948085198,7827337.757267492,197919237.8844358,13063330.521642622,322564.4165553168,106114890.8956542,8156775.135007026,6725066.759668862,822970.944577426,1175945.2537434786,6702445.6100953575,1944346.0306419434,597.6399350708567,520.6369958780483,4446313.066325328,71696108.21955971,0,484.95509361838873,26399668.34297662,6886114.40469943,6646047.394408855,2036.31007180998,277.52557761365944,0,149.95149274221598,0,0,0,77581104.01854423,0,0,0,0,0,0,69.38139440341486,0,0,0,0,0,0,0,0.12248260162724267,0.046594460655910046,0.0159923629339563,0.012834502096872057,0.05571508741262712,0.6878700460034137,0.0014356279407899241,0.0016318131899475292,0.0013478694250932996,0.024161704793110247,0.0020159303701997133,0.016630343781263476,0.009315355302114614
1720509868.41,0.3572272240835733,0.23106251143958867,0.05336962459770532,0.040138583240449444,0.28330829918289224,2.9997722215461873,0.005034325840449573,0.005976205027943264,0.004066623861783111,0.06919979125325275,0.004684304576075202,0.06519334962759175,0.03183968254769354,27565893.624635726,13080500.0367242,769419.7138025711,12240362.755845582,8552768.817402186,191337108.7253299,11300267.903925765,351752.6974934061,100013264.47404185,10106423.570888946,6725066.759668862,1003524.122659867,1401165.236701322,6815684.248197822,1950601.5424164524,819.2446860737858,155.6327830722016,4854775.368986712,91923730.80747645,0,528.8378183964439,24882170.154933404,8533419.289851423,6646047.394408855,1855.1969402133798,0,0,150.42232831435916,0,0,0,75548774.27401277,0,0,0,0,0,0,0,0,0,0,0,0,0,0,0.10741249407973637,0.0472634172938784,0.018198509471487878,0.0128357830332194,0.06847210959326294,0.6900270954429165,0.0013395668544130105,0.0015361336596566855,0.001252447996908775,0.02387105285704332,0.0020158013156295978,0.016626601508030373,0.009313548594336567
1720509873.41,0.3396417884178056,0.20461891048500003,0.05278572209777071,0.04241367705726483,0.2845021921389396,2.9981583574829678,0.005067469992964986,0.006125593040847202,0.00401031701651516,0.07013337457521467,0.0046740131257192235,0.06512992083675834,0.03177744095365043,28369167.504451413,10450063.36,765271.3805687033,15805371.411747389,8490551.224862888,207901630.0637316,10192676.227068566,324315.69464039843,77273422.52778007,9687714.142084414,13175014.95972382,1001067.3197899716,1173089.6451651,7013572.646520376,1946344.1066666667,739.9645915381002,150.7434123362285,4818603.290676417,99883094.86484507,0,557.0041986095293,25633315.01590382,8180469.164102874,6510177.215189873,1717.8037610508127,0,0,150.18666666666667,0,0,0,82091704.34400411,73.88567202409943,0,0,0,0,0,0,0,0,0,0,0,0,0,0.12108824980531871,0.056029434626043165,0.018079176963899615,0.014629317439750562,0.055481203417961485,0.8211108875831523,0.001433670034498813,0.0017241142620501627,0.0015369768321694933,0.02117050176606955,0.0021100335502855154,0.016979725234163225,0.009490947005621983
1720509878.41,0.35163041607964357,0.2324404136566688,0.052543616272955264,0.04306742257858247,0.28140416567919074,2.9925729361506668,0.004742390440594567,0.006074897997465147,0.00433257630711254,0.07134485042877611,0.004784819324877423,0.06451496902086087,0.031527350351000995,21815351.351351354,10396125.225635882,854009.8697516382,18064981.0863566,8405456.647398844,205002899.69683054,12306310.583499355,322419.4000844952,86656623.01774219,9454422.26103338,13450058.334404081,1095606.2876450713,1288757.4193069122,7186327.774583095,1936759.3764244688,745.5707467033411,137.8474793026856,4775953.757225434,75161167.25769408,0,622.9657794676807,28745958.235201757,7983337.820600875,6646047.394408855,1654.7671514617307,0,0,149.36639620749384,0,0,0,78797482.03950392,71.38852326768196,0,0,0,0,0,0,0,0,0,0,0,0,0,0.10481051716204767,0.04675091408876414,0.015879488919851806,0.012907326620762561,0.056088422297372514,0.7777013183578765,0.0011457224094001959,0.0019142515691854157,0.0016322258282731063,0.021533251759260824,0.0021090166016740877,0.02012258109359199,0.010919321304607823
1720509883.41,0.35208703037572825,0.23444478793714227,0.05267572423006104,0.04068281591728184,0.28229293710529446,2.827419693984445,0.005002577529783791,0.00603662205632102,0.00407657612538515,0.07093317838353994,0.004861235900868052,0.06460093510147767,0.031338728826420005,29184969.71446094,7773135.72531565,766937.0689966424,16554604.407641236,7416546.848313937,204598540.44506282,12981485.512575377,175079.2483211652,51466581.07401631,8684665.321418278,14423763.941654693,1086868.3876120974,1253767.3074143662,7213124.04624903,1292236.097738214,665.4872368848613,157.91029191105338,3535864.638360408,77556927.72043407,0,674.5347752099688,25609605.84861085,7333968.290573654,7127141.591700952,1487.129216134771,0,0,223.23553456263056,0,0,0,74356601.50042188,75.30519193999116,0,0,0,0,0,73.99913282266223,0,0,0,0,0,0,0,0.08764041981737947,0.05799949076585839,0.018211024787306053,0.012746864963188017,0.056670427892486525,0.7305994415765628,0.0010516558364718443,0.0017252362432437242,0.0016330342694043747,0.023969261346676096,0.0020148762687377674,0.020048203086956273,0.009401247517468186
1720509888.41,0.35347021367757125,0.23604150980717778,0.053417596556694126,0.04313780488666768,0.2851128957474018,2.998302181064685,0.004891607931889212,0.006118203340008632,0.004308700855648589,0.06963031210433528,0.004950830258159531,0.06302051854007448,0.030726457545400265,29750739.1184421,7894596.918534921,834096.3098975301,14451690.443737695,8395180.604837984,246886706.2462617,12682635.628839314,169523.2955191242,54397144.83191957,12063653.818414938,14201520.11783859,1303579.2841771385,1326998.4066686821,7349315.091668045,1964598.6530122706,646.962427688602,137.84979891295202,4781974.315099335,93184822.48995985,0,653.6888002022783,27067844.98530798,10186334.161391137,7017404.760058918,1143.2398896532677,0,0,151.15785589076484,0,0,0,82590731.81235582,73.57114631605417,0,0,0,0,0,78.32133663865207,0,0,0,0,0,0,0,0.08771178408814476,0.05754449427806353,0.0157046490165754,0.012923785985541395,0.057235995166552416,0.7317443033593009,0.0010488278300865106,0.001720962515813753,0.0016308986534287026,0.02146021037901379,0.0020142286223147625,0.02057902695547591,0.008243450922907436
1720509893.41,0.35347021367757125,0.23406520315403911,0.05347738903488899,0.043227630164031215,0.2871876191431438,2.822210876170996,0.004972315922493681,0.0060987512176678095,0.004328032218196594,0.07101941113261817,0.004701141823974219,0.06638455622115122,0.03223579331558167,29750739.1184421,7719660.345356453,770797.7888536474,15846124.619443879,8352444.762860009,220135935.8729205,12929308.083952967,168984.315740127,24918361.96796803,10908168.382206624,20124373.87626563,1518761.8789030681,1274494.9775043612,7349315.091668045,1925573.049926923,816.6017217942908,0,6318603.811434303,95754349.54494093,0,651.6104720056311,1872.346189008905,9200458.184844153,6629404.910558984,1390.1710562041812,75.21806996602699,0,147.81400552137276,0,0,0,75423237.25325216,75.01556719534082,0,0,0,0,0,75.21806996602699,0,0,0,0,0,0,0,0.10357534242513017,0.06859282814309943,0.015942714261939092,0.014905736991704357,0.07035681884949732,0.8592869652027613,0.0012377683297968235,0.0019080401497313848,0.0014321909273380992,0.02361219638833255,0.001816755254567825,0.023214740762064475,0.009369481131548271
1720509898.41,0.3513927057917608,0.23622294246496386,0.05370187224773132,0.0431393079864061,0.29019131535473247,2.9907857824127704,0.004819296611087051,0.006133912556952796,0.004335800278370602,0.06939995171149142,0.004701141823974219,0.06321258244841803,0.03192014187738766,29665980.089104008,5142688.330871493,952583.969051665,15864340.142588008,7319004.237953227,228414786.15896916,12739464.703334779,176470.63969382172,27314242.702050664,10836756.507982165,20124373.87626563,1319029.2006656737,1262554.557031108,7328162.513979795,2561678.5675685415,814.4907625004521,0,6905611.050070634,74006201.24511366,0,522.5441953708765,2052.3707896446135,9139638.14180929,6629404.910558984,1300.0342557072838,74.51337092959797,0,147.5663796519797,0,0,0,79269638.33791806,73.91367114190848,0,0,0,0,0,74.51337092959797,0,0,0,0,0,0,0,0.10276443236761526,0.058460711767744,0.016053675513995863,0.014821972247287074,0.058337413050659905,0.723471514400158,0.001147436271011516,0.001813280982100247,0.0016285480737763943,0.0227688622464646,0.001914933827786973,0.021431784779930598,0.008236791444354045
